CERT,CHCLASS1,CITYST,COST,FAILDATE,FIN,ID,NAME,Asset,QBFDEP,RESTYPE,RESTYPE1,SAVR,AssetinBil
59017,NM,"SAN FRANCISCO, CA",,5/1/2023,10543,4107,FIRST REPUBLIC BANK,"212,638,872.00",176436706,FAILURE,PA,DIF,212.638872
57053,NM,"NEW YORK, NY",2400000,3/12/2023,10540,4106,SIGNATURE BANK,"110,363,650.00",88612911,FAILURE,PA,DIF,110.36365
24735,SM,"SANTA CLARA, CA",16100000,3/7/2023,10539,4105,SILICON VALLEY BANK,"209,026,000.00",175378000,FAILURE,PA,DIF,209.026
15426,NM,"ALMENA, KS",16330,10/23/2020,10538,4104,ALMENA STATE BANK,"65,733.00",64941,FAILURE,PA,DIF,0.065733
16748,NM,"FORT WALTON BEACH, FL",7247,10/16/2020,10537,4103,FIRST CITY BANK OF FLORIDA,"136,566.00",133936,FAILURE,PA,DIF,0.136566
14361,NM,"BARBOURSVILLE, WV",45328,4/3/2020,10536,4102,THE FIRST STATE BANK,"151,808.00",143102,FAILURE,PA,DIF,0.151808
18265,NM,"ERICSON, NE",24465,2/14/2020,10535,4101,ERICSON STATE BANK,"100,879.00",95159,FAILURE,PA,DIF,0.100879
21111,N,"NEWARK, NJ",2136,11/1/2019,10534,4100,CITY NATIONAL BANK OF NEW JERSEY,"120,574.00",111234,FAILURE,PA,DIF,0.120574
58112,NM,"LOUISA, KY",4264,10/25/2019,10532,4098,LOUISA COMMUNITY BANK,"28,163.00",25174,FAILURE,PA,DIF,0.028163
58317,SB,"MAUMEE, OH",1571,10/25/2019,10533,4099,RESOLUTE BANK,"23,292.00",22885,FAILURE,PA,DIF,0.023292
10716,NM,"COOPER, TX",18263,5/31/2019,10531,4097,ENLOE STATE BANK,"36,738.00",31254,FAILURE,PI,DIF,0.036738
30570,SB,"CHICAGO, IL",76455,12/15/2017,10530,4096,WASHINGTON FEDERAL BANK FOR SAVINGS,"166,345.00",143964,FAILURE,PI,DIF,0.166345
17719,NM,"ARGONIA, KS",280,10/13/2017,10529,4095,THE FARMERS AND MERCHANTS STATE BANK OF ARGONIA,"33,012.00",27466,FAILURE,PA,DIF,0.033012
1802,SM,"SAINT ELMO, IL",8088,5/26/2017,10528,4094,FAYETTE COUNTY BANK,"34,370.00",33972,FAILURE,PA,DIF,0.03437
30003,SB,"MILWAUKEE, WI",131962,5/5/2017,10527,4093,GUARANTY BANK,"1,031,900.00",1002026,FAILURE,PA,DIF,1.0319
58302,NM,"NEW ORLEANS, LA",786550,4/28/2017,10526,4092,FIRST NBC BANK,"3,325,870.00",3032208,FAILURE,PA,DIF,3.32587
35495,NM,"COTTONWOOD HEIGHTS, UT",9874,3/3/2017,10525,4091,PROFICIO BANK,"68,208.00",65042,FAILURE,PA,DIF,0.068208
19328,NM,"CHICAGO, IL",44006,1/27/2017,10524,4090,SEAWAY BANK AND TRUST COMPANY,"297,809.00",256505,FAILURE,PA,DIF,0.297809
34951,NM,"PENNSVILLE, NJ",22158,1/13/2017,10523,4089,HARVEST COMMUNITY BANK,"124,223.00",122177,FAILURE,PA,DIF,0.124223
91,SM,"MULBERRY, AR",6213,9/23/2016,10522,4088,ALLIED BANK,"66,336.00",64713,FAILURE,PA,DIF,0.066336
11297,NM,"WOODBURY, GA",3290,8/19/2016,10521,4087,THE WOODBURY BANKING COMPANY,"21,426.00",21122,FAILURE,PA,DIF,0.021426
35312,NM,"KING OF PRUSSIA, PA",10825,5/6/2016,10520,4086,FIRST CORNERSTONE BANK,"103,307.00",101040,FAILURE,PA,DIF,0.103307
9956,NM,"MEMPHIS, TN",10372,4/29/2016,10519,4085,TRUST COMPANY BANK,"18,998.00",20148,FAILURE,PA,DIF,0.018998
20364,NM,"MILWAUKEE, WI",11773,3/11/2016,10518,4084,NORTH MILWAUKEE STATE BANK,"67,115.00",61493,FAILURE,PA,DIF,0.067115
35156,N,"LONGVIEW, WA",995,10/2/2015,10517,4082,HOMETOWN NATIONAL BANK,"3,785.00",3705,FAILURE,PA,DIF,0.003785
35259,NM,"PEACHTREE CITY, GA",27760,10/2/2015,10516,4083,THE BANK OF GEORGIA,"286,102.00",264234,FAILURE,PA,DIF,0.286102
34112,SM,"DENVER, CO",1210,7/10/2015,10515,4081,PREMIER BANK,"26,760.00",25480,FAILURE,PA,DIF,0.02676
57772,NM,"CHICAGO, IL",20647,5/8/2015,10514,4080,EDGEBROOK BANK,"90,034.00",90007,FAILURE,PA,DIF,0.090034
32102,NM,"SAN JUAN, PR",700453,2/27/2015,10513,4079,DORAL BANK,"5,898,515.00",4097734,FAILURE,PA,DIF,5.898515
33938,NM,"ATLANTA, GA",95942,2/13/2015,10512,4078,CAPITOL CITY BANK & TRUST COMPANY,"272,311.00",262652,FAILURE,PA,DIF,0.272311
20290,NM,"CHICAGO, IL",4743,1/23/2015,10511,4077,HIGHLAND COMMUNITY BANK,"54,727.00",53453,FAILURE,PA,DIF,0.054727
17557,N,"CRESTVIEW, FL",6329,1/16/2015,10510,4076,FIRST NATIONAL BANK OF CRESTVIEW,"73,804.00",73199,FAILURE,PA,DIF,0.073804
34983,NM,"MANKATO, MN",3946,12/19/2014,10509,4075,NORTHERN STAR BANK,"18,794.00",18221,FAILURE,PA,DIF,0.018794
34738,SB,"PALM DESERT, CA",2905,11/7/2014,10508,4074,"FRONTIER BANK, FSB","80,736.00",76344,FAILURE,PA,DIF,0.080736
916,N,"CHICAGO, IL",57681,10/24/2014,10507,4073,THE NATIONAL REPUBLIC BANK OF CHICAGO,"843,118.00",809638,FAILURE,PA,DIF,0.843118
4862,SM,"RISING SUN, MD",19837,10/17/2014,10506,4072,NBRS FINANCIAL BANK,"155,353.00",151559,FAILURE,PA,DIF,0.155353
28462,SB,"CHICAGO, IL",18412,7/25/2014,10505,4071,"GREENCHOICE BANK, FSB","70,286.00",68722,FAILURE,PA,DIF,0.070286
58125,NM,"CONYERS, GA",38334,7/18/2014,10504,4070,EASTSIDE COMMERCIAL BANK,"173,946.00",166875,FAILURE,PA,DIF,0.173946
12483,NM,"FREEDOM, OK",3734,6/27/2014,10503,4069,THE FREEDOM STATE BANK,"22,816.00",20855,FAILURE,PA,DIF,0.022816
10450,NM,"MOLINE, IL",47807,6/20/2014,10502,4067,VALLEY BANK,"456,442.00",359953,FAILURE,PA,DIF,0.456442
21793,NM,"FORT LAUDERDALE, FL",5439,6/20/2014,10501,4068,VALLEY BANK,"81,843.00",66541,FAILURE,PA,DIF,0.081843
32368,SB,"BEL AIR, MD",10954,5/30/2014,10500,4066,SLAVIE FEDERAL SAVINGS BANK,"140,063.00",111142,FAILURE,PA,DIF,0.140063
32284,SI,"CINCINNATI, OH",7224,5/23/2014,10499,4065,COLUMBIA SAVINGS BANK,"36,484.00",29538,FAILURE,PA,DIF,0.036484
57866,NM,"BERWYN, IL",21715,5/16/2014,10498,4064,AZTECAMERICA BANK,"66,309.00",65031,FAILURE,PA,DIF,0.066309
15062,NM,"FAIRFAX, SC",22149,4/25/2014,10497,4063,ALLENDALE COUNTY BANK,"49,498.00",49356,FAILURE,PA,DIF,0.049498
35096,N,"STERLING, VA",10940,2/28/2014,10495,4061,"MILLENNIUM BANK, NATIONAL ASSOCIATION","130,305.00",121704,FAILURE,PA,DIF,0.130305
58531,NM,"HORSHAM, PA",8956,2/28/2014,10496,4062,VANTAGE POINT BANK,"63,453.00",62472,FAILURE,PA,DIF,0.063453
34296,NM,"BOISE, ID",3487,1/31/2014,10494,4060,SYRINGA BANK,"153,361.00",145813,FAILURE,PA,DIF,0.153361
17967,NM,"EL RENO, OK",93335,1/24/2014,10493,4059,THE  BANK OF UNION,"317,172.00",315843,FAILURE,PA,DIF,0.317172
5732,N,"WEST CHICAGO, IL",1530,1/17/2014,10492,4058,DUPAGE NATIONAL BANK,"53,524.00",51878,FAILURE,PA,DIF,0.053524
57431,N,"THE WOODLANDS, TX",14203,12/13/2013,10491,4057,"TEXAS COMMUNITY BANK, NATIONAL ASSOCIATION","159,257.00",142640,FAILURE,PA,DIF,0.159257
14794,NM,"GRACEVILLE, FL",5849,10/30/2013,10490,4056,BANK OF JACKSON COUNTY,"24,724.00",24591,FAILURE,PA,DIF,0.024724
14318,N,"EDINBURG, TX",616574,9/13/2013,10488,4054,FIRST NATIONAL BANK,"3,085,764.00",2338335,FAILURE,PA,DIF,3.085764
57041,NM,"BRIDGEPORT, CT",9211,9/13/2013,10489,4055,THE COMMUNITY'S BANK,"26,368.00",25715,FAILURE,PO,DIF,0.026368
19849,NM,"PARSONS, TN",130319,8/23/2013,10486,4052,COMMUNITY SOUTH BANK,"386,908.00",377672,FAILURE,PA,DIF,0.386908
34707,NM,"PHOENIX, AZ",15391,8/23/2013,10487,4053,SUNRISE BANK OF ARIZONA,"202,179.00",196924,FAILURE,PA,DIF,0.202179
35016,NM,"WAUSAU, WI",13428,8/9/2013,10485,4051,BANK OF WAUSAU,"43,564.00",40663,FAILURE,PA,DIF,0.043564
34943,NM,"FORT MYERS, FL",24921,8/2/2013,10484,4050,FIRST COMMUNITY BANK OF SOUTHWEST FLORIDA,"247,315.00",243618,FAILURE,PA,DIF,0.247315
34789,N,"SEVIERVILLE, TN",33292,6/7/2013,10483,4049,MOUNTAIN NATIONAL BANK,"437,282.00",373366,FAILURE,PA,DIF,0.437282
58358,NM,"NORTH LAS VEGAS, NV",5208,6/6/2013,10482,4048,1st COMMERCE BANK,"20,152.00",19579,FAILURE,PA,DIF,0.020152
35386,NM,"KENOSHA, WI",22789,5/31/2013,10478,4047,BANKS OF WISCONSIN,"134,024.00",127590,FAILURE,PA,DIF,0.134024
34527,NM,"SCOTTSDALE, AZ",5425,5/14/2013,10479,4046,CENTRAL ARIZONA BANK,"31,550.00",30822,FAILURE,PA,DIF,0.03155
58185,NM,"VALDOSTA, GA",16185,5/10/2013,10481,4044,SUNRISE BANK,"60,793.00",57775,FAILURE,PA,DIF,0.060793
58701,NM,"ASHEVILLE, NC",7943,5/10/2013,10480,4045,PISGAH COMMUNITY BANK,"21,880.00",21246,FAILURE,PA,DIF,0.02188
21649,NM,"DOUGLASVILLE, GA",89606,4/26/2013,10476,4042,DOUGLAS COUNTY BANK,"317,288.00",315326,FAILURE,PA,DIF,0.317288
57158,NM,"LENOIR, NC",16490,4/26/2013,10477,4043,PARKWAY BANK,"109,642.00",104709,FAILURE,PA,DIF,0.109642
26680,NM,"ORANGE PARK, FL",25231,4/19/2013,10475,4039,HERITAGE BANK OF NORTH FLORIDA,"103,960.00",106348,FAILURE,PA,DIF,0.10396
29594,SB,"LEXINGTON, KY",7767,4/19/2013,10474,4040,FIRST FEDERAL BANK,"92,982.00",87196,FAILURE,PA,DIF,0.092982
58034,NM,"MARIANNA, FL",7920,4/19/2013,10473,4041,CHIPOLA COMMUNITY BANK,"37,471.00",37067,FAILURE,PA,DIF,0.037471
58066,SM,"GOLD CANYON, AZ",8263,4/5/2013,10472,4038,GOLD CANYON BANK,"42,125.00",41728,FAILURE,PA,DIF,0.042125
16431,NM,"LAGRANGE, GA",73446,3/8/2013,10471,4037,FRONTIER BANK,"258,840.00",224108,FAILURE,PA,DIF,0.25884
22476,NM,"CHICAGO, IL",19576,2/15/2013,10470,4036,COVENANT BANK,"58,422.00",54202,FAILURE,PA,DIF,0.058422
57157,NM,"ANDOVER, MN",12229,1/18/2013,10469,4035,1ST REGENTS BANK,"49,626.00",49147,FAILURE,PA,DIF,0.049626
33997,NM,"UNIVERSITY PLACE, WA",22860,1/11/2013,10468,4034,WESTSIDE COMMUNITY BANK,"91,935.00",91879,FAILURE,PA,DIF,0.091935
27331,NM,"SUNRISE, MO",13419,12/14/2012,10467,4033,COMMUNITY BANK OF THE OZARKS,"42,816.00",41881,FAILURE,PA,DIF,0.042816
57928,NM,"BRASELTON, GA",39665,11/16/2012,10466,4032,HOMETOWN COMMUNITYBANK,"124,561.00",108931,FAILURE,PA,DIF,0.124561
3731,N,"PRINCETON, IL",32458,11/2/2012,10464,4030,CITIZENS FIRST NATIONAL BANK,"923,959.00",869440,FAILURE,PA,DIF,0.923959
35009,NM,"LUTZ, FL",74020,11/2/2012,10465,4031,HERITAGE BANK OF FLORIDA,"225,477.00",223309,FAILURE,PA,DIF,0.225477
27148,SI,"BERWYN, PA",86885,10/26/2012,10463,4029,NOVA BANK,"444,710.00",395248,FAILURE,PO,DIF,0.44471
19189,NM,"SEDALIA, MO",29582,10/19/2012,10460,4026,EXCEL BANK,"186,113.00",173670,FAILURE,PA,DIF,0.186113
28144,SB,"TAMARAC, FL",12370,10/19/2012,10461,4027,FIRST EAST SIDE SAVINGS BANK,"65,686.00",64888,FAILURE,PA,DIF,0.065686
58073,NM,"DESTIN, FL",40510,10/19/2012,10462,4028,GULFSOUTH PRIVATE BANK,"139,391.00",131579,FAILURE,PA,DIF,0.139391
20685,NM,"CRETE, IL",33841,9/28/2012,10459,4025,FIRST UNITED BANK,"328,422.00",316877,FAILURE,PA,DIF,0.328422
27316,SM,"ST. LOUIS, MO",39469,9/14/2012,10458,4024,TRUMAN BANK,"282,338.00",245716,FAILURE,PA,DIF,0.282338
35246,NM,"BLOOMINGTON, MN",65213,9/7/2012,10457,4023,FIRST COMMERCIAL BANK,"215,867.00",206809,FAILURE,PA,DIF,0.215867
28243,SI,"WAUKEGAN, IL",23518,8/3/2012,10456,4022,WAUKEGAN SAVINGS BANK,"83,679.00",73001,FAILURE,PA,DIF,0.083679
16240,NM,"JASPER, GA",49244,7/27/2012,10455,4021,JASPER BANKING COMPANY,"206,672.00",204238,FAILURE,PA,DIF,0.206672
1361,NM,"LEAWOOD, KS",363,7/20/2012,10452,4016,HEARTLAND BANK,"96,002.00",89723,FAILURE,PA,DIF,0.096002
27986,SB,"CHICAGO, IL",86252,7/20/2012,10453,4017,SECOND FEDERAL SAVINGS AND LOAN ASSOCIATION OF CHICAGO,"190,891.00",171627,FAILURE,PA,DIF,0.190891
32711,NM,"WOODSTOCK, GA",36215,7/20/2012,10450,4018,FIRST CHEROKEE STATE BANK,"209,021.00",182114,FAILURE,PA,DIF,0.209021
57096,NM,"NAPLES, FL",16848,7/20/2012,10454,4019,THE ROYAL PALM BANK OF FLORIDA,"78,771.00",78876,FAILURE,PA,DIF,0.078771
57847,NM,"BUFORD, GA",25335,7/20/2012,10451,4020,GEORGIA TRUST BANK,"116,890.00",114748,FAILURE,PA,DIF,0.11689
1056,NM,"GLASGOW, MO",1396,7/13/2012,10449,4015,GLASGOW SAVINGS BANK,"22,341.00",21809,FAILURE,PA,DIF,0.022341
19498,NM,"AILEY, GA",66261,7/6/2012,10448,4014,MONTGOMERY BANK & TRUST,"153,208.00",164181,FAILURE,PA,DIF,0.153208
1690,NM,"LYNCHBURG, TN",33106,6/15/2012,10447,4011,THE FARMERS BANK OF LYNCHBURG,"163,859.00",156402,FAILURE,PA,DIF,0.163859
27405,NM,"PALATKA, FL",28751,6/15/2012,10445,4012,PUTNAM STATE BANK,"169,489.00",160024,FAILURE,PA,DIF,0.169489
35299,NM,"MARIETTA, GA",44760,6/15/2012,10446,4013,SECURITY EXCHANGE BANK,"150,962.00",147896,FAILURE,PA,DIF,0.150962
416,NM,"KINGFISHER, OK",8725,6/8/2012,10443,4007,FIRST CAPITAL BANK,"44,448.00",44828,FAILURE,PA,DIF,0.044448
9257,NM,"SHABBONA, IL",10243,6/8/2012,10442,4008,FARMERS' AND TRADERS' STATE BANK,"43,077.00",42302,FAILURE,PA,DIF,0.043077
34515,SM,"WHITEVILLE, NC",23756,6/8/2012,10444,4009,WACCAMAW BANK,"533,114.00",472704,FAILURE,PA,DIF,0.533114
35372,SB,"CHARLESTON, SC",17732,6/8/2012,10441,4010,CAROLINA FEDERAL SAVINGS BANK,"54,373.00",53082,FAILURE,PA,DIF,0.054373
35224,N,"SYLACAUGA, AL",10672,5/18/2012,10440,4006,"ALABAMA TRUST BANK, NATIONAL ASSOCIATION","51,553.00",45149,FAILURE,PA,DIF,0.051553
23156,N,"NORTH LAUDERDALE, FL",15098,5/4/2012,10439,4005,"SECURITY BANK, NATIONAL ASSOCIATION","101,026.00",99067,FAILURE,PA,DIF,0.101026
23632,N,"PALM DESERT, CA",26331,4/27/2012,10437,4000,PALM DESERT NATIONAL BANK,"129,253.00",129023,FAILURE,PA,DIF,0.129253
26759,SM,"CAMBRIDGE, MD",58160,4/27/2012,10434,4001,BANK OF THE EASTERN SHORE,"162,460.00",150951,FAILURE,DINB,DIF,0.16246
31495,SB,"MAPLE GROVE, MN",79681,4/27/2012,10436,4002,"INTER SAVINGS BANK, FSB D/B/A/ INTERBANK, FSB","463,840.00",458053,FAILURE,PA,DIF,0.46384
32503,SB,"PAWLEYS ISLAND, SC",83230,4/27/2012,10438,4003,PLANTATION FEDERAL BANK,"433,512.00",415943,FAILURE,PA,DIF,0.433512
57766,NM,"GAITHERSBURG, MD",26694,4/27/2012,10435,4004,HARVEST BANK OF MARYLAND,"163,019.00",145534,FAILURE,PA,DIF,0.163019
35527,SB,"FORT LEE, NJ",12013,4/20/2012,10433,3999,"FORT LEE FEDERAL SAVINGS BANK, FSB","48,861.00",47786,FAILURE,PA,DIF,0.048861
33883,NM,"DEARBORN, MI",97229,3/30/2012,10432,3998,FIDELITY BANK,"818,237.00",747640,FAILURE,PA,DIF,0.818237
35419,NM,"WILMETTE, IL",69582,3/23/2012,10431,3996,PREMIER BANK,"268,703.00",198953,FAILURE,PA,DIF,0.268703
58068,NM,"ROCK SPRING, GA",30279,3/23/2012,10430,3997,CONVENANT BANK & TRUST,"95,725.00",90632,FAILURE,PA,DIF,0.095725
57597,NM,"CHICAGO, IL",14523,3/9/2012,10429,3995,NEW CITY BANK,"71,202.00",72399,FAILURE,PO,DIF,0.071202
34046,NM,"DORAVILLE, GA",40404,3/2/2012,10428,3994,GLOBAL COMMERCE BANK,"143,678.00",116813,FAILURE,PA,DIF,0.143678
5687,NM,"ELLAVILLE, GA",51763,2/24/2012,10426,3992,CENTRAL BANK OF GEORGIA,"278,860.00",266589,FAILURE,PA,DIF,0.27886
29178,SB,"LITTLE FALLS, MN",43353,2/24/2012,10427,3993,HOME SAVINGS OF AMERICA,"434,111.00",432223,FAILURE,PO,DIF,0.434111
23187,N,"HOFFMAN ESTATES, IL",18454,2/10/2012,10424,3990,CHARTER NATIONAL BANK AND TRUST,"93,894.00",89485,FAILURE,PA,DIF,0.093894
29761,SB,"SHELBYVILLE, IN",38335,2/10/2012,10425,3991,SCB BANK,"182,561.00",171365,FAILURE,PA,DIF,0.182561
16579,NM,"JACKSONVILLE, FL",54383,1/27/2012,10421,3986,FIRST GUARANTY BANK AND TRUST COMPANY OF JACKSONVILLE,"397,082.00",378309,FAILURE,PA,DIF,0.397082
19869,SM,"KNOXVILLE, TN",74064,1/27/2012,10420,3987,BANKEAST,"261,947.00",259571,FAILURE,PA,DIF,0.261947
34823,NM,"FOREST LAKE, MN",35346,1/27/2012,10422,3988,PATRIOT BANK MINNESOTA,"105,029.00",102833,FAILURE,PA,DIF,0.105029
35296,NM,"FRANKLIN, TN",351815,1/27/2012,10423,3989,TENNESSEE COMMERCE BANK,"1,009,154.00",1037716,FAILURE,PA,DIF,1.009154
19252,NM,"STOCKBRIDGE, GA",192145,1/20/2012,10419,3983,THE FIRST STATE BANK,"516,760.00",509065,FAILURE,PA,DIF,0.51676
31581,SB,"BOOTHWYN, PA",4671,1/20/2012,10417,3984,AMERICAN EAGLE SAVINGS BANK,"19,259.00",17548,FAILURE,PA,DIF,0.019259
57186,NM,"BELLEVIEW, FL",13697,1/20/2012,10418,3985,CENTRAL FLORIDA STATE BANK,"71,485.00",71080,FAILURE,PA,DIF,0.071485
57917,N,"PHOENIX, AZ",41735,12/16/2011,10416,3981,WESTERN NATIONAL BANK,"162,872.00",144491,FAILURE,PA,DIF,0.162872
58343,NM,"CRESTVIEW, FL",25065,12/16/2011,10415,3982,PREMIER COMMUNITY BANK OF THE EMERALD COAST,"125,976.00",112050,FAILURE,PA,DIF,0.125976
14194,NM,"JOHNSTON, IA",16053,11/18/2011,10414,3979,POLK COUNTY BANK,"91,580.00",81967,FAILURE,PA,DIF,0.09158
19657,NM,"LACOMBE, LA",48824,11/18/2011,10413,3980,CENTRAL PROGRESSIVE BANK,"383,132.00",347720,FAILURE,PA,DIF,0.383132
57860,NM,"ROCKMART, GA",20376,11/10/2011,10412,3978,COMMUNITY BANK OF ROCKMART,"62,383.00",55906,FAILURE,PA,DIF,0.062383
19397,NM,"OMAHA, NE",10944,11/4/2011,10410,3976,"MID CITY BANK, INC.","106,075.00",105461,FAILURE,PA,DIF,0.106075
57087,NM,"SAINT GEORGE, UT",43575,11/4/2011,10411,3977,SUNFIRST BANK,"198,081.00",169135,FAILURE,PA,DIF,0.198081
57759,NM,"DES PLAINES, IL",13753,10/28/2011,10409,3975,ALL AMERICAN BANK,"34,800.00",30542,FAILURE,PA,DIF,0.0348
21132,SM,"GREENWOOD VILLAGE, CO",169247,10/21/2011,10405,3971,COMMUNITY BANKS OF COLORADO,"1,280,964.00",1239630,FAILURE,PA,DIF,1.280964
34392,NM,"DECATUR, GA",24568,10/21/2011,10407,3972,DECATUR FIRST BANK,"184,750.00",172042,FAILURE,PA,DIF,0.18475
57036,NM,"JONESBORO, GA",64965,10/21/2011,10406,3973,COMMUNITY CAPITAL BANK,"165,291.00",157808,FAILURE,PA,DIF,0.165291
57537,NM,"CLEARWATER, FL",26299,10/21/2011,10408,3974,OLD HARBOR BANK,"209,048.00",212184,FAILURE,PA,DIF,0.209048
32347,SI,"ASHEVILLE, NC",44112,10/14/2011,10401,3967,"BLUE RIDGE SAVINGS BANK, INC.","161,430.00",159628,FAILURE,PA,DIF,0.16143
35395,NM,"ALEDO, IL",69574,10/14/2011,10402,3968,COUNTRY BANK,"195,034.00",180835,FAILURE,PA,DIF,0.195034
57256,NM,"GRAY, GA",88194,10/14/2011,10404,3969,PIEDMONT COMMUNITY BANK,"198,993.00",178773,FAILURE,PA,DIF,0.198993
58046,NM,"CRANFORD, NJ",45629,10/14/2011,10403,3970,FIRST STATE BANK,"191,852.00",188099,FAILURE,PA,DIF,0.191852
10216,NM,"WYOMING, MN",71176,10/7/2011,10399,3965,THE RIVERBANK,"419,723.00",384120,FAILURE,PA,DIF,0.419723
20115,NM,"ELLINGTON, MO",93109,10/7/2011,10400,3966,SUN SECURITY BANK,"351,492.00",280649,FAILURE,PA,DIF,0.351492
33513,NM,"PLANO, TX",58022,9/30/2011,10398,3964,FIRST INTERNATIONAL BANK,"239,916.00",208775,FAILURE,PA,DIF,0.239916
20408,SM,"NORFOLK, VA",239166,9/23/2011,10396,3962,BANK OF THE COMMONWEALTH,"985,096.00",901845,FAILURE,PA,DIF,0.985096
33983,NM,"NEVADA CITY, CA",40895,9/23/2011,10397,3963,CITIZENS BANK OF NORTHERN CALIFORNIA,"288,765.00",253079,FAILURE,PA,DIF,0.288765
25155,N,"MILTON, FL",75749,9/9/2011,10395,3961,THE FIRST NATIONAL BANK OF FLORIDA,"296,841.00",280095,FAILURE,PA,DIF,0.296841
58226,NM,"WOODSTOCK, GA",33845,9/2/2011,10393,3959,CREEKSIDE BANK,"102,338.00",96583,FAILURE,PA,DIF,0.102338
58273,NM,"CUMMING, GA",54248,9/2/2011,10394,3960,PATRIOT BANK OF GEORGIA,"150,751.00",140612,FAILURE,PA,DIF,0.150751
35356,SB,"PALM BEACH, FL",187521,8/19/2011,10392,3956,LYDIAN PRIVATE BANK,"1,700,117.00",1253835,FAILURE,PA,DIF,1.700117
57212,NM,"GENEVA, IL",34064,8/19/2011,10390,3957,FIRST CHOICE BANK,"141,016.00",137215,FAILURE,PA,DIF,0.141016
57239,N,"STATESBORO, GA",22171,8/19/2011,10391,3958,FIRST SOUTHERN NATIONAL BANK,"164,599.00",159673,FAILURE,PA,DIF,0.164599
34130,SI,"HUNTINGDON VALLEY, PA",15828,8/18/2011,10389,3955,PUBLIC SAVINGS BANK,"46,818.00",45770,FAILURE,PA,DIF,0.046818
4744,N,"OLATHE, KS",103328,8/12/2011,10388,3954,THE FIRST NATIONAL BANK OF OLATHE,"538,091.00",524290,FAILURE,PA,DIF,0.538091
22528,SM,"COLFAX, WA",101311,8/5/2011,10387,3952,BANK OF WHITMAN,"548,570.00",515732,FAILURE,PA,DIF,0.54857
22637,NM,"SHOREWOOD, IL",29378,8/5/2011,10386,3953,BANK OF SHOREWOOD,"110,723.00",104021,FAILURE,PA,DIF,0.110723
4392,N,"EVANSVILLE, IN",30575,7/29/2011,10384,3949,INTEGRA BANK NATIONAL ASSOCIATION,"1,994,430.00",1693592,FAILURE,PA,DIF,1.99443
58222,N,"COLUMBIA, SC",49181,7/29/2011,10383,3950,"BANKMERIDIAN, N.A.","232,648.00",209737,FAILURE,PA,DIF,0.232648
58283,SM,"RICHMOND, VA",19851,7/29/2011,10385,3951,VIRGINIA BUSINESS BANK,"83,493.00",72955,FAILURE,PA,DIF,0.083493
2994,NM,"GREELEY, CO",135746,7/22/2011,10380,3946,BANK OF CHOICE,"954,106.00",818670,FAILURE,PA,DIF,0.954106
35244,SM,"SARASOTA, FL",37389,7/22/2011,10381,3947,LANDMARK BANK OF FLORIDA,"266,482.00",244362,FAILURE,PA,DIF,0.266482
58056,NM,"APOLLO BEACH, FL",11403,7/22/2011,10382,3948,SOUTHSHORE COMMUNITY BANK,"41,252.00",41434,FAILURE,PA,DIF,0.041252
19554,NM,"STOCKBRIDGE, GA",70772,7/15/2011,10377,3942,HIGH TRUST BANK,"180,340.00",177221,FAILURE,PA,DIF,0.18034
34870,NM,"PORT SAINT LUCIE, FL",13110,7/15/2011,10376,3943,FIRST PEOPLES BANK,"225,035.00",207621,FAILURE,PA,DIF,0.225035
57442,NM,"PRESCOTT, AZ",14868,7/15/2011,10379,3944,SUMMIT BANK,"73,066.00",67471,FAILURE,PA,DIF,0.073066
58238,NM,"ATLANTA, GA",40782,7/15/2011,10378,3945,ONE GEORGIA BANK,"177,715.00",158123,FAILURE,PA,DIF,0.177715
27935,SM,"CHICAGO, IL",193253,7/8/2011,10374,3939,FIRST CHICAGO BANK & TRUST,"896,864.00",830530,FAILURE,PA,DIF,0.896864
34522,NM,"CASTLE ROCK, CO",254944,7/8/2011,10373,3940,COLORADO CAPITAL BANK,"665,806.00",635202,FAILURE,PA,DIF,0.665806
57835,NM,"WINDSOR, CO",23311,7/8/2011,10375,3941,SIGNATURE  BANK,"62,518.00",60349,FAILURE,PA,DIF,0.062518
57593,NM,"CLAYTON, GA",34480,6/24/2011,10372,3938,MOUNTAIN HERITAGE BANK,"103,716.00",89554,FAILURE,PA,DIF,0.103716
19237,NM,"JACKSON, GA",75418,6/17/2011,10371,3936,MCINTOSH STATE BANK,"339,929.00",324403,FAILURE,PA,DIF,0.339929
27583,NM,"TAMPA, FL",33477,6/17/2011,10370,3937,FIRST COMMERCIAL BANK OF TAMPA BAY,"98,624.00",92641,FAILURE,PA,DIF,0.098624
58420,SB,"CHARLESTON, SC",31355,6/3/2011,10369,3935,ATLANTIC BANK AND TRUST,"208,204.00",191614,FAILURE,PA,DIF,0.208204
23626,NM,"SNOHOMISH, WA",33596,5/27/2011,10368,3934,FIRST HERITAGE BANK,"173,478.00",163303,FAILURE,PA,DIF,0.173478
513,NM,"BURLINGTON, WA",24195,5/20/2011,10367,3931,SUMMIT BANK,"142,729.00",131631,FAILURE,PA,DIF,0.142729
57213,NM,"MACON, GA",280971,5/20/2011,10365,3932,ATLANTIC SOUTHERN BANK,"741,855.00",707643,FAILURE,PA,DIF,0.741855
57647,NM,"FRANKLIN, GA",134843,5/20/2011,10366,3933,FIRST GEORGIA BANKING COMPANY,"730,981.00",702231,FAILURE,PA,DIF,0.730981
34898,SB,"COCOA BEACH, FL",18527,5/6/2011,10364,3930,COASTAL BANK,"129,429.00",123950,FAILURE,PA,DIF,0.129429
19797,SM,"VALDOSTA, GA",212266,4/29/2011,10363,3925,THE PARK AVENUE BANK,"849,409.00",724483,FAILURE,PA,DIF,0.849409
26297,N,"WINTER PARK, FL",42899,4/29/2011,10362,3926,FIRST NATIONAL BANK OF CENTRAL FLORIDA,"342,079.00",308784,FAILURE,PA,DIF,0.342079
34234,NM,"MOUNT CLEMENS, MI",98636,4/29/2011,10359,3927,COMMUNITY CENTRAL BANK,"451,683.00",371494,FAILURE,PA,DIF,0.451683
57625,NM,"BROOKSVILLE, FL",17194,4/29/2011,10360,3928,CORTEZ COMMUNITY  BANK,"66,282.00",65439,FAILURE,PA,DIF,0.066282
58539,NM,"DALLAS, GA",105180,4/29/2011,10361,3929,FIRST CHOICE COMMUNITY BANK,"291,196.00",294769,FAILURE,PA,DIF,0.291196
14273,NM,"CARTHAGE, MS",37841,4/15/2011,10354,3919,HERITAGE BANKING GROUP,"228,328.00",205035,FAILURE,PA,DIF,0.228328
17750,SB,"BIRMINGHAM, AL",285788,4/15/2011,10358,3920,SUPERIOR BANK,"2,977,290.00",2736201,FAILURE,PA,DIF,2.97729
19794,NM,"BIRMINGHAM, AL",182002,4/15/2011,10356,3921,NEXITY BANK,"757,574.00",611681,FAILURE,PA,DIF,0.757574
21495,NM,"CARTERSVILLE, GA",83037,4/15/2011,10353,3922,BARTOW COUNTY BANK,"314,019.00",290005,FAILURE,PA,DIF,0.314019
24099,N,"ROSEMOUNT, MN",5398,4/15/2011,10357,3923,ROSEMOUNT NATIONAL BANK,"21,454.00",20980,FAILURE,PA,DIF,0.021454
57705,NM,"EAST ELLIJAY, GA",34708,4/15/2011,10355,3924,NEW HORIZONS BANK,"103,055.00",99022,FAILURE,PA,DIF,0.103055
10086,N,"WESTERN SPRINGS, IL",38047,4/8/2011,10352,3917,WESTERN SPRINGS NATIONAL BANK AND TRUST,"186,677.00",182441,FAILURE,PA,DIF,0.186677
35418,NM,"LAS VEGAS, NV",38492,4/8/2011,10351,3918,NEVADA COMMERCE BANK,"135,064.00",128573,FAILURE,PA,DIF,0.135064
34292,NM,"WOOD DALE, IL",44142,3/25/2011,10350,3916,THE BANK OF COMMERCE,"163,074.00",161379,FAILURE,PA,DIF,0.163074
4077,N,"DAVIS, OK",29846,3/11/2011,10349,3914,THE FIRST NATIONAL BANK OF DAVIS,"90,183.00",68331,FAILURE,PA,DIF,0.090183
34818,SM,"MILWAUKEE, WI",73718,3/11/2011,10348,3915,LEGACY BANK,"190,418.00",183309,FAILURE,PA,DIF,0.190418
34187,NM,"ST. CHARLES, IL",28270,2/25/2011,10347,3913,VALLEY COMMUNITY BANK,"123,774.00",124179,FAILURE,PA,DIF,0.123774
151,NM,"CLARKESVILLE, GA",119370,2/18/2011,10345,3909,HABERSHAM BANK,"387,681.00",339934,FAILURE,PA,DIF,0.387681
34601,NM,"SPRINGFIELD, GA",48229,2/18/2011,10344,3910,CITIZENS BANK OF EFFINGHAM,"214,275.00",206490,FAILURE,PA,DIF,0.214275
34783,SB,"SAN LUIS OBISPO, CA",72906,2/18/2011,10346,3911,"SAN LUIS TRUST BANK, FSB","332,596.00",272216,FAILURE,PA,DIF,0.332596
57855,NM,"NAPA, CA",20076,2/18/2011,10343,3912,CHARTER OAK BANK,"120,833.00",105309,FAILURE,PA,DIF,0.120833
13272,NM,"CASSVILLE, WI",19454,2/11/2011,10339,3905,BADGER STATE BANK,"83,828.00",78549,FAILURE,PA,DIF,0.083828
14939,NM,"HAMTRAMCK, MI",103057,2/11/2011,10341,3906,PEOPLES STATE BANK,"390,524.00",389868,FAILURE,PA,DIF,0.390524
34692,N,"PALM SPRINGS, CA",15617,2/11/2011,10340,3907,CANYON NATIONAL BANK,"210,859.00",205285,FAILURE,PA,DIF,0.210859
35478,NM,"PORT ORANGE, FL",32294,2/11/2011,10342,3908,SUNSHINE STATE COMMUNITY BANK,"125,531.00",116715,FAILURE,PA,DIF,0.125531
35242,NM,"WATKINSVILLE, GA",48161,2/4/2011,10338,3902,NORTH GEORGIA BANK,"153,172.00",139672,FAILURE,PA,DIF,0.153172
57432,NM,"ROSWELL, GA",69323,2/4/2011,10336,3903,AMERICAN TRUST BANK,"238,205.00",222161,FAILURE,PA,DIF,0.238205
57948,SM,"CHICAGO, IL",10213,2/4/2011,10337,3904,COMMUNITY FIRST BANK - CHICAGO,"51,083.00",49504,FAILURE,PA,DIF,0.051083
2303,NM,"CAMARGO, OK",33590,1/28/2011,10335,3898,THE FIRST STATE BANK,"44,546.00",41204,FAILURE,PA,DIF,0.044546
5328,NM,"STOUGHTON, WI",28060,1/28/2011,10332,3899,EVERGREEN STATE BANK,"240,949.00",193694,FAILURE,PA,DIF,0.240949
12261,SM,"TAOS, NM",230946,1/28/2011,10333,3900,FIRST COMMUNITY BANK,"2,188,154.00",1847851,FAILURE,PA,DIF,2.188154
57646,NM,"LOUISVILLE, CO",235633,1/28/2011,10334,3901,FIRSTIER BANK,"764,090.00",718797,FAILURE,DINB,DIF,0.76409
19758,NM,"MCDONOUGH, GA",43650,1/21/2011,10329,3894,ENTERPRISE BANKING COMPANY,"99,461.00",94591,FAILURE,DINB,DIF,0.099461
31293,SL,"DENVER, CO",137752,1/21/2011,10331,3895,UNITED WESTERN BANK,"2,153,690.00",1535194,FAILURE,PA,DIF,2.15369
34516,NM,"ASHEVILLE, NC",43945,1/21/2011,10330,3896,THE BANK OF ASHEVILLE,"204,925.00",199394,FAILURE,PA,DIF,0.204925
57868,NM,"EASLEY, SC",45189,1/21/2011,10328,3897,COMMUNITYSOUTH BANK AND TRUST,"340,986.00",314250,FAILURE,PA,DIF,0.340986
57440,NM,"BRUNSWICK, GA",84066,1/14/2011,10327,3893,OGLETHORPE BANK,"211,149.00",201369,FAILURE,PA,DIF,0.211149
34965,SM,"ORLANDO, FL",88904,1/7/2011,10325,3891,FIRST COMMERCIAL BANK OF FLORIDA,"578,638.00",537223,FAILURE,PA,DIF,0.578638
57820,NM,"SCOTTSDALE, AZ",32224,1/7/2011,10326,3892,LEGACY BANK,"136,446.00",119685,FAILURE,PA,DIF,0.136446
19040,N,"CORAL GABLES, FL",28548,12/17/2010,10324,3885,THE BANK OF MIAMI,"448,150.00",374218,FAILURE,PA,DIF,0.44815
23306,N,"LINO LAKES, MN",5827,12/17/2010,10321,3886,COMMUNITY NATIONAL BANK,"31,569.00",28844,FAILURE,PA,DIF,0.031569
34578,NM,"DAWSONVILLE, GA",83075,12/17/2010,10320,3887,CHESTATEE STATE BANK,"244,376.00",240476,FAILURE,PA,DIF,0.244376
35065,N,"ATLANTA, GA",96415,12/17/2010,10323,3888,UNITED AMERICAS BANK,"242,339.00",193803,FAILURE,PA,DIF,0.242339
58052,NM,"BATESVILLE, AR",24771,12/17/2010,10322,3889,FIRST SOUTHERN BANK,"191,764.00",155803,FAILURE,PA,DIF,0.191764
58495,SB,"MCCAYSVILLE, GA",28452,12/17/2010,10319,3890,"APPALACIAN COMMUNITY BANK, F.S.B.","68,201.00",76360,FAILURE,PA,DIF,0.068201
34673,SM,"FARMINGTON HILLS, MI",68586,12/10/2010,10318,3883,PARAMOUNT BANK,"252,744.00",213550,FAILURE,PA,DIF,0.252744
35561,NM,"SOUTHAMPTON, PA",22767,12/10/2010,10317,3884,EARTHSTAR BANK,"112,643.00",104505,FAILURE,PA,DIF,0.112643
5287,SM,"BURLINGTON, WI",86930,11/19/2010,10315,3880,FIRST BANKING CENTER,"750,724.00",664752,FAILURE,PA,DIF,0.750724
20340,NM,"CARRABELLE, FL",44443,11/19/2010,10316,3881,GULF STATE COMMUNITY BANK,"112,144.00",112193,FAILURE,PA,DIF,0.112144
35078,NM,"BALA CYNWYD, PA",12652,11/19/2010,10314,3882,ALLEGIANCE BANK OF NORTH AMERICA,"106,595.00",91996,FAILURE,PA,DIF,0.106595
14580,NM,"VIDALIA, GA",125908,11/12/2010,10312,3877,DARBY BANK & TRUST COMPANY,"654,714.00",587626,FAILURE,PA,DIF,0.654714
35463,NM,"SCOTTSDALE, AZ",52561,11/12/2010,10311,3878,COPPER STAR BANK,"203,955.00",190182,FAILURE,PA,DIF,0.203955
57831,NM,"TIFTON, GA",21383,11/12/2010,10313,3879,TIFTON BANKING COMPANY,"143,729.00",141573,FAILURE,PA,DIF,0.143729
31263,NM,"RANDALLSTOWN, MD",136787,11/5/2010,10308,3873,K BANK,"538,258.00",500056,FAILURE,PA,DIF,0.538258
34411,SM,"TACOMA, WA",26754,11/5/2010,10309,3874,PIERCE COMMERCIAL BANK,"221,082.00",193473,FAILURE,PA,DIF,0.221082
57885,NM,"WESTMINSTER, CA",14264,11/5/2010,10307,3875,FIRST VIETNAMESE AMERICAN BANK,"48,000.00",47012,FAILURE,PA,DIF,0.048
58087,NM,"WOODLAND HILLS, CA",16943,11/5/2010,10310,3876,WESTERN COMMERCIAL BANK,"98,635.00",101127,FAILURE,PA,DIF,0.098635
2119,N,"BARNESVILLE, GA",46897,10/22/2010,10304,3866,THE FIRST NATIONAL BANK OF BARNESVILLE,"126,622.00",122880,FAILURE,PA,DIF,0.126622
16089,N,"MAYWOOD, IL",44303,10/22/2010,10301,3867,FIRST SUBURBAN NATIONAL BANK,"143,451.00",135475,FAILURE,PA,DIF,0.143451
22173,NM,"OVERLAND PARK, KS",275262,10/22/2010,10302,3868,HILLCREST BANK,"1,583,611.00",1488785,FAILURE,PA,DIF,1.583611
27573,NM,"JACKSONVILLE, FL",14277,10/22/2010,10300,3869,FIRST BANK OF JACKSONVILLE,"73,922.00",72198,FAILURE,PA,DIF,0.073922
32251,SM,"TAMPA, FL",34562,10/22/2010,10303,3870,PROGRESS BANK OF FLORIDA,"94,823.00",86861,FAILURE,PA,DIF,0.094823
32582,SB,"SCOTTSDALE, AZ",26950,10/22/2010,10306,3871,"FIRST ARIZONA SAVINGS, A FSB","255,920.00",190615,FAILURE,PO,DIF,0.25592
33904,NM,"GORDON, GA",10354,10/22/2010,10305,3872,THE GORDON BANK,"29,259.00",26867,FAILURE,PA,DIF,0.029259
30898,SB,"OLATHE, KS",53100,10/15/2010,10298,3863,"SECURITY SAVINGS BANK, F.S.B.","453,349.00",347080,FAILURE,PA,DIF,0.453349
34016,NM,"JEFFERSON CITY, MO",309403,10/15/2010,10297,3864,PREMIER BANK,"989,382.00",869367,FAILURE,PA,DIF,0.989382
58205,NM,"CHESTERFIELD, MO",22436,10/15/2010,10299,3865,WESTBRIDGE BANK AND TRUST COMPANY,"87,782.00",70131,FAILURE,PA,DIF,0.087782
21777,NM,"CRAWFORDVILLE, FL",120039,10/1/2010,10296,3861,WAKULLA BANK,"402,205.00",367228,FAILURE,PA,DIF,0.402205
35250,NM,"SHORELINE, WA",23478,10/1/2010,10295,3862,SHORELINE BANK,"92,980.00",90644,FAILURE,PA,DIF,0.09298
35053,NM,"ARLINGTON, WA",70800,9/24/2010,10294,3859,NORTH COUNTY BANK,"288,776.00",276081,FAILURE,PA,DIF,0.288776
58308,NM,"PONTE VEDRA BEACH, FL",34827,9/24/2010,10293,3860,HAVEN TRUST BANK FLORIDA,"148,575.00",133561,FAILURE,PA,DIF,0.148575
182,NM,"WINDER, GA",101852,9/17/2010,10292,3853,THE PEOPLES BANK,"447,185.00",398181,FAILURE,PA,DIF,0.447185
27808,SI,"MILFORD, OH",17928,9/17/2010,10288,3854,BRAMBLE SAVINGS BANK,"47,523.00",41551,FAILURE,PA,DIF,0.047523
28612,SL,"WEST ALLIS, WI",88384,9/17/2010,10291,3855,MARITIME SAVINGS BANK,"350,488.00",248134,FAILURE,PA,DIF,0.350488
57107,NM,"CHERRY HILL, NJ",18856,9/17/2010,10290,3856,ISN BANK,"81,564.00",79652,FAILURE,PA,DIF,0.081564
57448,NM,"DOUGLASVILLE, GA",101039,9/17/2010,10289,3857,FIRST COMMERCE COMMUNITY BANK,"248,151.00",242831,FAILURE,PA,DIF,0.248151
58197,NM,"ELLIJAY, GA",79709,9/17/2010,10287,3858,THE BANK OF ELLIJAY,"168,820.00",160718,FAILURE,PA,DIF,0.16882
35061,SM,"BRADENTON, FL",61295,9/10/2010,10286,3852,HORIZON BANK,"187,819.00",164594,FAILURE,PA,DIF,0.187819
15640,NM,"CHICAGO, IL",525962,8/20/2010,10284,3844,SHOREBANK,"2,166,431.00",1547403,FAILURE,PA,DIF,2.166431
25266,N,"BARTOW, FL",9170,8/20/2010,10279,3845,COMMUNITY NATIONAL BANK AT BARTOW,"67,918.00",63708,FAILURE,PA,DIF,0.067918
27090,SM,"STOCKTON, CA",34038,8/20/2010,10283,3846,PACIFIC STATE BANK,"312,077.00",278832,FAILURE,PA,DIF,0.312077
27259,NM,"SONOMA, CA",10285,8/20/2010,10285,3847,SONOMA VALLEY BANK,"337,113.00",255501,FAILURE,PA,DIF,0.337113
27344,N,"OCALA, FL",11982,8/20/2010,10281,3848,INDEPENDENT NATIONAL BANK,"156,218.00",141877,FAILURE,PA,DIF,0.156218
31623,SL,"MARTINSVILLE, VA",4746,8/20/2010,10280,3849,IMPERIAL SAVINGS AND LOAN ASSOCIATION,"9,448.00",10090,FAILURE,PA,DIF,0.009448
32165,SB,"SOLVANG, CA",3434,8/20/2010,10282,3850,LOS PADRES BANK,"866,459.00",770899,FAILURE,PA,DIF,0.866459
33219,NM,"CHICO, CA",1663,8/20/2010,10278,3851,BUTTE COMMUNITY BANK,"498,751.00",471256,FAILURE,PA,DIF,0.498751
17599,NM,"PALOS HEIGHTS, IL",66962,8/13/2010,10277,3843,PALOS BANK AND TRUST COMPANY,"493,391.00",467784,FAILURE,PA,DIF,0.493391
34231,NM,"CHICAGO, IL",68542,8/6/2010,10276,3842,RAVENSWOOD BANK,"264,628.00",269448,FAILURE,PA,DIF,0.264628
9619,NM,"PANAMA CITY BEACH, FL",116866,7/30/2010,10272,3837,COASTAL COMMUNITY BANK,"377,469.00",370016,FAILURE,PA,DIF,0.377469
22643,NM,"LONGVIEW, WA",32256,7/30/2010,10275,3838,THE COWLITZ BANK,"489,019.00",474742,FAILURE,PA,DIF,0.489019
31964,NM,"EUGENE, OR",51621,7/30/2010,10273,3839,LIBERTYBANK,"714,574.00",692670,FAILURE,PA,DIF,0.714574
57658,NM,"ACWORTH, GA",33627,7/30/2010,10274,3840,NORTHWEST BANK & TRUST,"160,763.00",155531,FAILURE,PA,DIF,0.160763
57669,SB,"PORT SAINT JOE, FL",12479,7/30/2010,10271,3841,BAYSIDE SAVINGS BANK,"64,344.00",52720,FAILURE,PA,DIF,0.064344
10506,SM,"SYLVAN GROVE, KS",6651,7/23/2010,10269,3830,THUNDER BANK,"28,248.00",27048,FAILURE,PA,DIF,0.028248
17837,N,"KINGSTREE, SC",2425,7/23/2010,10270,3831,WILLIAMSBURG FIRST NATIONAL BANK,"130,411.00",126993,FAILURE,PA,DIF,0.130411
23181,SM,"CAVE JUNCTION, OR",28068,7/23/2010,10266,3832,HOME VALLEY BANK,"250,488.00",227935,FAILURE,PA,DIF,0.250488
27559,NM,"JASPER, GA",304130,7/23/2010,10265,3833,CRESCENT BANK AND TRUST COMPANY,"970,235.00",932809,FAILURE,PA,DIF,0.970235
32536,SM,"LANTANA, FL",41792,7/23/2010,10268,3834,STERLING BANK,"354,966.00",329541,FAILURE,PA,DIF,0.354966
34486,NM,"NEW PRAGUE, MN",18495,7/23/2010,10264,3835,COMMUNITY SECURITY BANK,"100,649.00",95100,FAILURE,PA,DIF,0.100649
35434,NM,"LAS VEGAS, NV",86297,7/23/2010,10267,3836,SOUTHWESTUSA BANK,"203,690.00",183985,FAILURE,PA,DIF,0.20369
25172,SM,"MIAMI, FL",64179,7/16/2010,10259,3824,METRO BANK OF DADE COUNTY,"399,441.00",375522,FAILURE,PA,DIF,0.399441
28136,SB,"HASTINGS, MI",12789,7/16/2010,10258,3825,"MAINSTREET SAVINGS BANK, FSB","96,584.00",63291,FAILURE,PA,DIF,0.096584
28864,SB,"CLEWISTON, FL",25533,7/16/2010,10260,3826,OLDE CYPRESS COMMUNITY BANK,"161,355.00",157997,FAILURE,PA,DIF,0.161355
32280,SB,"AVENTURA, FL",28658,7/16/2010,10261,3827,TURNBERRY BANK,"240,251.00",179169,FAILURE,PA,DIF,0.240251
32571,SB,"BLUFFTON, SC",107349,7/16/2010,10262,3828,WOODLANDS BANK,"382,803.00",364808,FAILURE,PA,DIF,0.382803
35383,N,"SPARTANBURG, SC",68274,7/16/2010,10263,3829,FIRST NATIONAL BANK OF THE SOUTH,"619,374.00",550891,FAILURE,PA,DIF,0.619374
11636,N,"BLACKWELL, OK",65822,7/9/2010,10256,3820,HOME NATIONAL BANK,"585,445.00",514038,FAILURE,PA,DIF,0.585445
32456,SB,"BALTIMORE, MD",3756,7/9/2010,10257,3821,IDEAL FEDERAL SAVINGS BANK,"6,177.00",5803,FAILURE,PO,DIF,0.006177
35462,N,"BALTIMORE, MD",21144,7/9/2010,10255,3822,BAY NATIONAL BANK,"217,743.00",212612,FAILURE,PA,DIF,0.217743
58072,NM,"PORT CHESTER, NY",63537,7/9/2010,10254,3823,USA BANK,"190,678.00",188644,FAILURE,PA,DIF,0.190678
26563,NM,"ENGLEWOOD, FL",184045,6/25/2010,10253,3817,PENINSULA BANK,"630,179.00",580140,FAILURE,PA,DIF,0.630179
34152,N,"SAVANNAH, GA",78339,6/25/2010,10251,3818,FIRST NATIONAL BANK,"252,520.00",231857,FAILURE,PA,DIF,0.25252
35279,NM,"ALBUQUERQUE, NM",28392,6/25/2010,10252,3819,HIGH DESERT STATE BANK,"80,343.00",80985,FAILURE,PA,DIF,0.080343
57110,NM,"RENO, NV",70039,6/18/2010,10250,3816,NEVADA SECURITY BANK,"492,491.00",479759,FAILURE,PA,DIF,0.492491
32955,NM,"SEATTLE, WA",95151,6/11/2010,10249,3815,WASHINGTON FIRST INTERNATIONAL BANK,"520,887.00",441362,FAILURE,PA,DIF,0.520887
15814,N,"ROSEDALE, MS",18085,6/4/2010,10247,3812,FIRST NATIONAL BANK,"60,449.00",63483,FAILURE,PA,DIF,0.060449
29341,SB,"LINCOLN, NE",0,6/4/2010,10248,3813,TIERONE BANK,"2,824,737.00",2185817,FAILURE,PA,DIF,2.824737
31813,SI,"ARCOLA, IL",11534,6/4/2010,10246,3814,ARCOLA HOMESTEAD SAVINGS BANK,"17,028.00",18092,FAILURE,PO,DIF,0.017028
34785,NM,"LAS VEGAS, NV",115960,5/28/2010,10245,3807,SUN WEST BANK,"360,662.00",353943,FAILURE,PA,DIF,0.360662
35106,NM,"NAPLES, FL",87638,5/28/2010,10242,3808,BANK OF FLORIDA - SOUTHWEST,"640,894.00",559897,FAILURE,PA,DIF,0.640894
57315,N,"GRANITE BAY, CA",13175,5/28/2010,10244,3809,"GRANITE COMMUNITY BANK, NATIONAL ASSOCIATION","102,913.00",94252,FAILURE,PA,DIF,0.102913
57360,NM,"FORT LAUDERDALE, FL",60470,5/28/2010,10241,3810,BANK OF FLORIDA - SOUTHEAST,"595,318.00",531752,FAILURE,PA,DIF,0.595318
57814,NM,"TAMPA BAY, FL",30582,5/28/2010,10243,3811,BANK OF FLORIDA - TAMPA BAY,"240,513.00",224024,FAILURE,PA,DIF,0.240513
57735,NM,"ST. PAUL, MN",8410,5/21/2010,10240,3806,PINEHURST BANK,"61,215.00",58288,FAILURE,PA,DIF,0.061215
18117,SM,"ELMWOOD PARK, IL",0,5/14/2010,10236,3802,MIDWEST BANK AND TRUST COMPANY,"3,172,915.00",2420738,FAILURE,PA,DIF,3.172915
34255,NM,"SPRINGFIELD, MO",25580,5/14/2010,10239,3803,SOUTHWEST COMMUNITY BANK,"100,659.00",102463,FAILURE,PA,DIF,0.100659
35114,NM,"SAINT MARYS, GA",36321,5/14/2010,10238,3804,SATILLA COMMUNITY BANK,"135,688.00",134005,FAILURE,PA,DIF,0.135688
35586,NM,"PLYMOUTH, MI",23558,5/14/2010,10237,3805,NEW LIBERTY BANK,"111,239.00",101884,FAILURE,PA,DIF,0.111239
14246,NM,"BONIFAY, FL",65967,5/7/2010,10234,3798,THE BANK OF BONIFAY,"242,871.00",230190,FAILURE,PA,DIF,0.242871
16476,NM,"CHAMPLIN, MN",7916,5/7/2010,10233,3799,ACCESS BANK,"31,996.00",31969,FAILURE,PA,DIF,0.031996
35517,SM,"SAN DIEGO, CA",6342,5/7/2010,10232,3800,1st PACIFIC BANK OF CALIFORNIA,"335,798.00",291173,FAILURE,PA,DIF,0.335798
57697,NM,"MESA, AZ",44322,5/7/2010,10235,3801,TOWNE BANK OF ARIZONA,"120,246.00",113243,FAILURE,PA,DIF,0.120246
17792,N,"BUTLER, MO",8620,4/30/2010,10225,3791,BC NATIONAL BANKS,"52,204.00",43635,FAILURE,PA,DIF,0.052204
22710,NM,"EVERETT, WA",453920,4/30/2010,10228,3792,FRONTIER BANK,"3,250,734.00",2846886,FAILURE,PA,DIF,3.250734
27150,NM,"SAN JUAN, PR",539124,4/30/2010,10229,3793,EUROBANK,"2,453,138.00",1861350,FAILURE,PA,DIF,2.453138
30005,SI,"PORT HURON, MI",340615,4/30/2010,10226,3794,CF BANCORP,"1,599,122.00",1418445,FAILURE,PA,DIF,1.599122
31027,NM,"MAYAGUEZ, PR",2179824,4/30/2010,10231,3795,WESTERNBANK PUERTO RICO,"10,797,345.00",8420357,FAILURE,PA,DIF,10.797345
32185,NM,"HATO REY, PR",984319,4/30/2010,10230,3796,R-G PREMIER BANK OF PUERTO RICO,"5,681,177.00",4220108,FAILURE,PA,DIF,5.681177
58362,NM,"CREVE COEUR, MO",57091,4/30/2010,10227,3797,CHAMPION BANK,"195,510.00",162816,FAILURE,PA,DIF,0.19551
3735,N,"ROCKFORD, IL",15939,4/23/2010,10218,3784,"AMCORE BANK, NATIONAL ASSOCIATION","3,066,240.00",2743485,FAILURE,PA,DIF,3.06624
10888,NM,"PEOTONE, IL",45596,4/23/2010,10223,3785,PEOTONE BANK AND TRUST COMPANY,"130,165.00",124676,FAILURE,PA,DIF,0.130165
22853,NM,"CHICAGO, IL",377438,4/23/2010,10219,3786,BROADWAY BANK,"1,059,194.00",1023421,FAILURE,PA,DIF,1.059194
30600,SI,"CHICAGO, IL",38369,4/23/2010,10221,3787,LINCOLN PARK SAVINGS BANK,"194,618.00",162627,FAILURE,PA,DIF,0.194618
34658,NM,"CHICAGO, IL",41327,4/23/2010,10220,3788,CITIZENS BANK & TRUST COMPANY OF CHICAGO,"73,490.00",72772,FAILURE,PA,DIF,0.07349
34821,NM,"CHICAGO, IL",132056,4/23/2010,10222,3789,NEW CENTURY BANK,"447,239.00",438999,FAILURE,PA,DIF,0.447239
58429,NM,"NAPERVILLE, IL",189810,4/23/2010,10224,3790,WHEATLAND BANK,"441,694.00",448917,FAILURE,PA,DIF,0.441694
21521,NM,"LYNNWOOD, WA",154993,4/16/2010,10212,3776,CITY BANK,"981,913.00",919606,FAILURE,PA,DIF,0.981913
23876,NM,"OAKLAND, CA",22715,4/16/2010,10214,3777,INNOVATIVE BANK,"266,816.00",223164,FAILURE,PA,DIF,0.266816
24067,N,"FORT PIERCE, FL",0,4/16/2010,10216,3778,RIVERSIDE NATIONAL BANK OF FLORIDA,"3,393,818.00",2724475,FAILURE,PA,DIF,3.393818
26619,SI,"LOWELL, MA",18261,4/16/2010,10211,3779,BUTLER BANK,"245,534.00",227420,FAILURE,PA,DIF,0.245534
28886,SB,"PALATKA, FL",11969,4/16/2010,10213,3780,FIRST FEDERAL BANK OF NORTH FLORIDA,"440,122.00",369617,FAILURE,PA,DIF,0.440122
33493,NM,"SAN RAFAEL, CA",0,4/16/2010,10217,3781,TAMALPAIS BANK,"611,504.00",457206,FAILURE,PA,DIF,0.611504
34878,NM,"STERLING HEIGHTS, MI",20977,4/16/2010,10215,3782,LAKESIDE COMMUNITY BANK,"49,173.00",48622,FAILURE,PO,DIF,0.049173
57724,NM,"CLERMONT, FL",16404,4/16/2010,10210,3783,AMERICANFIRST BANK,"104,034.00",100070,FAILURE,PA,DIF,0.104034
34242,N,"MYRTLE BEACH, SC",164585,4/9/2010,10209,3775,BEACH FIRST NATIONAL BANK,"590,024.00",521138,FAILURE,PA,DIF,0.590024
34678,N,"CARTERSVILLE, GA",73589,3/26/2010,10208,3771,UNITY NATIONAL BANK,"300,590.00",264286,FAILURE,PA,DIF,0.30059
34684,SB,"KEY WEST, FL",16210,3/26/2010,10206,3772,KEY WEST BANK,"88,031.00",67662,FAILURE,PA,DIF,0.088031
57060,NM,"PHOENIX, AZ",108963,3/26/2010,10205,3773,DESERT HILLS BANK,"496,552.00",426473,FAILURE,PA,DIF,0.496552
57399,NM,"CARROLLTON, GA",164026,3/26/2010,10207,3774,MCINTOSH COMMERCIAL BANK,"363,405.00",343339,FAILURE,PA,DIF,0.363405
8221,NM,"AURORA, MN",7026,3/19/2010,10203,3764,STATE BANK OF AURORA,"28,159.00",27801,FAILURE,PA,DIF,0.028159
10054,NM,"HIAWASSEE, GA",107263,3/19/2010,10202,3765,BANK OF HIAWASSEE,"377,779.00",339597,FAILURE,PA,DIF,0.377779
18806,N,"PARMA, OH",14960,3/19/2010,10201,3766,AMERICAN NATIONAL BANK,"70,318.00",66752,FAILURE,PA,DIF,0.070318
24957,NM,"FORT DEPOSIT, AL",11725,3/19/2010,10204,3767,FIRST LOWNDES BANK,"137,175.00",131117,FAILURE,PA,DIF,0.137175
33535,NM,"DRAPER, UT",521525,3/19/2010,10200,3768,ADVANTA BANK CORP.,"1,525,931.00",1519471,FAILURE,PO,DIF,1.525931
33989,NM,"ELLIJAY, GA",456455,3/19/2010,10199,3769,APPALACHIAN COMMUNITY BANK,"1,010,075.00",917575,FAILURE,PA,DIF,1.010075
58104,NM,"DULUTH, GA",37707,3/19/2010,10198,3770,CENTURY SECURITY BANK,"96,535.00",93967,FAILURE,PA,DIF,0.096535
27096,NM,"NEW YORK, NY",76496,3/12/2010,10195,3761,THE PARK AVENUE BANK,"520,146.00",494505,FAILURE,PA,DIF,0.520146
29561,NM,"COVINGTON, LA",26124,3/12/2010,10196,3762,STATEWIDE BANK,"243,215.00",207821,FAILURE,PA,DIF,0.243215
58182,SM,"ORLANDO, FL",76501,3/12/2010,10197,3763,OLD SOUTHERN BANK,"336,390.00",319746,FAILURE,PA,DIF,0.33639
58071,NM,"NEW YORK, NY",18407,3/11/2010,10194,3760,LIBERTYPOINTE BANK,"216,500.00",209477,FAILURE,PA,DIF,0.2165
9268,SM,"NORMAL, IL",18737,3/5/2010,10191,3756,BANK OF ILLINOIS,"211,711.00",198487,FAILURE,PA,DIF,0.211711
27126,SM,"BOCA RATON, FL",122301,3/5/2010,10192,3757,SUN AMERICAN BANK,"535,724.00",443481,FAILURE,PA,DIF,0.535724
34430,NM,"OGDEN, UT",71038,3/5/2010,10193,3758,CENTENNIAL BANK,"212,839.00",205076,FAILURE,PO,DIF,0.212839
34976,SB,"GERMANTOWN, MD",11322,3/5/2010,10190,3759,WATERFIELD BANK,"155,566.00",156188,FAILURE,DINB,DIF,0.155566
38129,SI,"TACOMA, WA",2752,2/26/2010,10189,3754,RAINIER PACIFIC BANK,"717,806.00",446192,FAILURE,PA,DIF,0.717806
58352,NM,"CARSON CITY, NV",14451,2/26/2010,10188,3755,CARSON RIVER COMMUNITY BANK,"51,095.00",50024,FAILURE,PA,DIF,0.051095
3287,N,"LA COSTE, TX",5709,2/19/2010,10186,3750,THE LA COSTE NATIONAL BANK,"53,936.00",49275,FAILURE,PA,DIF,0.053936
29952,SI,"ORLAND PARK, IL",118852,2/19/2010,10184,3751,GEORGE WASHINGTON SAVINGS BANK,"413,673.00",395310,FAILURE,PA,DIF,0.413673
32423,SB,"LA JOLLA, CA",560147,2/19/2010,10185,3752,"LA JOLLA BANK, FSB","3,646,071.00",2799362,FAILURE,PA,DIF,3.646071
57586,SM,"MARCO ISLAND, FL",25614,2/19/2010,10187,3753,MARCO COMMUNITY BANK,"119,578.00",117097,FAILURE,PA,DIF,0.119578
15448,NM,"HANCOCK, MN",4521,2/5/2010,10183,3749,1ST AMERICAN STATE BANK OF MINNESOTA,"18,155.00",16327,FAILURE,PA,DIF,0.018155
5672,NM,"IMMOKALEE, FL",308984,1/29/2010,10181,3743,FLORIDA COMMUNITY BANK,"835,701.00",776556,FAILURE,PA,DIF,0.835701
5702,NM,"CORNELIA, GA",477591,1/29/2010,10180,3744,COMMUNITY BANK & TRUST,"1,181,717.00",1067957,FAILURE,PA,DIF,1.181717
16133,N,"HALLOCK, MN",1063,1/29/2010,10182,3745,"MARSHALL BANK, NATIONAL ASSOCIATION","58,566.00",55662,FAILURE,PA,DIF,0.058566
16480,N,"CARROLLTON, GA",203881,1/29/2010,10179,3746,FIRST NATIONAL BANK OF GEORGIA,"840,633.00",780196,FAILURE,PA,DIF,0.840633
16730,NM,"BAINBRIDGE ISLAND, WA",28352,1/29/2010,10178,3747,AMERICAN MARINE BANK,"329,246.00",287443,FAILURE,PA,DIF,0.329246
23011,NM,"LOS ANGELES, CA",224134,1/29/2010,10177,3748,FIRST REGIONAL BANK,"2,082,684.00",1664450,FAILURE,PA,DIF,2.082684
8265,NM,"LEETON, MO",7092,1/22/2010,10174,3738,BANK OF LEETON,"20,128.00",20335,FAILURE,PA,DIF,0.020128
20501,NM,"SEATTLE, WA",43422,1/22/2010,10172,3739,EVERGREEN BANK,"395,980.00",340378,FAILURE,PA,DIF,0.39598
22469,NM,"THE DALLES, OR",54899,1/22/2010,10176,3740,COLUMBIA RIVER BANK,"955,112.00",908132,FAILURE,PA,DIF,0.955112
32498,SB,"SANTA FE, NM",127197,1/22/2010,10175,3741,CHARTER BANK,"1,201,922.00",859933,FAILURE,PA,DIF,1.201922
57147,NM,"MIAMI, FL",84454,1/22/2010,10173,3742,PREMIER AMERICAN BANK,"299,225.00",285554,FAILURE,PA,DIF,0.299225
1252,SM,"KAYSVILLE, UT",108267,1/15/2010,10171,3735,BARNES BANKING COMPANY,"709,171.00",697109,FAILURE,DINB,DIF,0.709171
17522,NM,"ST. STEPHEN, MN",7707,1/15/2010,10169,3736,ST. STEPHEN STATE BANK,"22,895.00",23912,FAILURE,PA,DIF,0.022895
34705,NM,"ANTIOCH, IL",23289,1/15/2010,10170,3737,TOWN COMMUNITY BANK AND TRUST,"70,758.00",68323,FAILURE,PA,DIF,0.070758
22977,NM,"BELLINGHAM, WA",205488,1/8/2010,10168,3734,HORIZON BANK,"1,188,956.00",1049063,FAILURE,PA,DIF,1.188956
1006,NM,"NEW BALTIMORE, MI",68965,12/18/2009,10162,3727,CITIZENS STATE BANK,"168,551.00",157149,FAILURE,DINB,DIF,0.168551
26348,NM,"LA JOLLA, CA",271489,12/18/2009,10161,3728,IMPERIAL CAPITAL BANK,"4,046,888.00",2822300,FAILURE,PA,DIF,4.046888
26820,SM,"SPRINGFIELD, IL",0,12/18/2009,10166,3729,INDEPENDENT BANKERS' BANK,"585,508.00",511473,FAILURE,PI,DIF,0.585508
28536,SB,"SANTA MONICA, CA",0,12/18/2009,10167,3730,"FIRST FEDERAL BANK OF CALIFORNIA,  A FEDERAL SAVINGS BANK","6,143,903.00",4538607,FAILURE,PA,DIF,6.143903
32167,SB,"PANAMA CITY, FL",597058,12/18/2009,10165,3731,PEOPLES FIRST COMMUNITY BANK,"1,795,420.00",1684443,FAILURE,PA,DIF,1.79542
32276,SB,"IRONDALE, AL",311641,12/18/2009,10163,3732,NEW SOUTH FEDERAL SAVINGS BANK,"1,464,127.00",1163916,FAILURE,PA,DIF,1.464127
58315,NM,"ATLANTA, GA",99273,12/18/2009,10164,3733,ROCKBRIDGE COMMERCIAL BANK,"294,024.00",291707,FAILURE,PO,DIF,0.294024
4731,SM,"OVERLAND PARK, KS",93393,12/11/2009,10160,3724,SOLUTIONSBANK,"511,103.00",421271,FAILURE,PA,DIF,0.511103
22846,N,"MIAMI, FL",77977,12/11/2009,10158,3725,"REPUBLIC FEDERAL BANK, N.A.","433,011.00",352695,FAILURE,PA,DIF,0.433011
58399,N,"MESA, AZ",15047,12/11/2009,10159,3726,"VALLEY CAPITAL BANK, N.A.","40,270.00",41312,FAILURE,PA,DIF,0.04027
10440,NM,"AURORA, IL",79321,12/4/2009,10154,3718,BENCHMARK BANK,"173,062.00",182760,FAILURE,PA,DIF,0.173062
12080,NM,"REIDSVILLE, GA",14705,12/4/2009,10153,3719,THE TATNALL BANK,"49,612.00",47100,FAILURE,PA,DIF,0.049612
26290,N,"NORCROSS, GA",34282,12/4/2009,10157,3720,FIRST SECURITY NATIONAL BANK,"127,455.00",121645,FAILURE,PA,DIF,0.127455
29776,SB,"CLEVELAND, OH",1699288,12/4/2009,10155,3721,AMTRUST BANK,"11,438,990.00",8558609,FAILURE,PA,DIF,11.43899
32583,SB,"RESTON, VA",26610,12/4/2009,10156,3722,GREATER ATLANTIC BANK,"203,262.00",179248,FAILURE,PA,DIF,0.203262
34663,NM,"ATLANTA, GA",310552,12/4/2009,10152,3723,THE BUCKHEAD COMMUNITY BANK,"856,236.00",813668,FAILURE,PA,DIF,0.856236
58016,NM,"FORT MYERS, FL",32236,11/20/2009,10151,3717,COMMERCE BANK OF SOUTHWEST FLORIDA,"70,997.00",72821,FAILURE,PA,DIF,0.070997
22427,SM,"NAPLES, FL",713129,11/13/2009,10149,3714,ORION BANK,"2,612,515.00",2169446,FAILURE,PA,DIF,2.612515
32267,SB,"SARASOTA, FL",306877,11/13/2009,10148,3715,"CENTURY BANK, A FEDERAL SAVINGS BANK","755,923.00",659742,FAILURE,PA,DIF,0.755923
57914,N,"SAN CLEMENTE, CA",33470,11/13/2009,10150,3716,PACIFIC COAST NATIONAL BANK,"131,418.00",128867,FAILURE,PA,DIF,0.131418
19450,NM,"ST LOUIS, MO",11648,11/6/2009,10146,3709,GATEWAY BANK OF ST LOUIS,"26,882.00",27534,FAILURE,PA,DIF,0.026882
22286,NM,"SPARTA, GA",60895,11/6/2009,10145,3710,UNITED SECURITY BANK,"153,639.00",149616,FAILURE,PA,DIF,0.153639
30329,SB,"DETROIT, MI",8612,11/6/2009,10144,3711,HOME FEDERAL SAVINGS BANK,"12,994.00",12730,FAILURE,PA,DIF,0.012994
32469,NM,"SAN FRANCISCO, CA",582445,11/6/2009,10147,3712,UNITED COMMERCIAL BANK,"10,895,336.00",7653666,FAILURE,PA,DIF,10.895336
35074,NM,"OAKDALE, MN",31685,11/6/2009,10143,3713,PROSPERAN BANK,"197,442.00",182794,FAILURE,PA,DIF,0.197442
11677,N,"CHICAGO, IL",7550,10/30/2009,10140,3700,PARK NATIONAL BANK,"4,680,881.00",3716626,FAILURE,PA,DIF,4.680881
18776,NM,"HOUSTON, TX",12000,10/30/2009,10138,3701,NORTH HOUSTON BANK,"325,474.00",307166,FAILURE,PA,DIF,0.325474
23594,N,"SAN DIEGO, CA",39743,10/30/2009,10135,3702,SAN DIEGO NATIONAL BANK,"3,594,544.00",2891576,FAILURE,PA,DIF,3.594544
25222,N,"TEAGUE, TX",5846,10/30/2009,10141,3703,CITIZENS NATIONAL BANK,"118,236.00",97590,FAILURE,PA,DIF,0.118236
30006,N,"SAN FRANCISCO, CA",61992,10/30/2009,10139,3704,PACIFIC NATIONAL BANK,"2,319,263.00",1757986,FAILURE,PA,DIF,2.319263
32218,N,"PHOENIX, AZ",11741,10/30/2009,10136,3705,"BANK USA, NA","213,205.00",170685,FAILURE,PA,DIF,0.213205
33782,NM,"MADISONVILLE, TX",0,10/30/2009,10142,3706,MADISONVILLE STATE BANK,"256,330.00",224653,FAILURE,PA,DIF,0.25633
34659,N,"LOS ANGELES, CA",186536,10/30/2009,10134,3707,CALIFORNIA NATIONAL BANK,"7,781,100.00",6145207,FAILURE,PA,DIF,7.7811
35291,NM,"LEMONT, IL",25945,10/30/2009,10137,3708,COMMUNITY BANK OF LEMONT,"81,843.00",80688,FAILURE,PA,DIF,0.081843
18321,SM,"RACINE, WI",99463,10/23/2009,10132,3693,BANK OF ELMWOOD,"327,444.00",272782,FAILURE,PA,DIF,0.327444
35038,NM,"WESTMONT, IL",85319,10/23/2009,10128,3694,FIRST DUPAGE BANK,"262,093.00",253992,FAILURE,PA,DIF,0.262093
35044,N,"BRADENTON, FL",62112,10/23/2009,10129,3695,FLAGSHIP NATIONAL BANK,"177,563.00",170118,FAILURE,PA,DIF,0.177563
57525,NM,"OSTEGO, MN",23476,10/23/2009,10133,3696,RIVERVIEW COMMUNITY BANK,"99,057.00",75012,FAILURE,PA,DIF,0.099057
57794,NM,"LAWRENCEVILLE, GA",44018,10/23/2009,10127,3697,AMERICAN UNITED BANK,"110,094.00",102386,FAILURE,PA,DIF,0.110094
57959,SB,"NAPLES, FL",31809,10/23/2009,10130,3698,PARTNERS BANK,"65,498.00",64798,FAILURE,PA,DIF,0.065498
58336,NM,"NAPLES, FL",42976,10/23/2009,10131,3699,HILLCREST BANK FLORIDA,"82,774.00",83254,FAILURE,PA,DIF,0.082774
23266,SM,"BAKERSFIELD, CA",79080,10/16/2009,10126,3692,SAN JOAQUIN BANK,"766,359.00",626359,FAILURE,PA,DIF,0.766359
11416,NM,"SPRING GROVE, MN",18876,10/2/2009,10124,3689,JENNINGS STATE BANK,"52,347.00",50801,FAILURE,PA,DIF,0.052347
34824,SM,"WARREN, MI",218462,10/2/2009,10125,3690,WARREN BANK,"504,816.00",467767,FAILURE,PA,DIF,0.504816
57263,N,"PUEBLO, CO",8323,10/2/2009,10123,3691,SOUTHERN COLORADO NATIONAL BANK,"37,142.00",29568,FAILURE,PA,DIF,0.037142
57151,NM,"ATLANTA, GA",960820,9/25/2009,10122,3688,GEORGIAN BANK,"2,230,230.00",1960123,FAILURE,PA,DIF,2.23023
10100,SM,"COLUMBUS, IN",756246,9/18/2009,10120,3686,IRWIN UNION BANK AND TRUST COMPANY,"2,839,747.00",2254025,FAILURE,PA,DIF,2.839747
57068,SB,"LOUISVILLE, KY",114006,9/18/2009,10121,3687,"IRWIN UNION BANK, FSB","518,151.00",462611,FAILURE,PA,DIF,0.518151
13693,N,"CHICAGO, IL",0,9/11/2009,10117,3683,"CORUS BANK, N.A.","7,003,321.00",7060693,FAILURE,PA,DIF,7.003321
22868,NM,"LACEY, WA",201128,9/11/2009,10119,3684,VENTURE BANK,"968,385.00",917729,FAILURE,PA,DIF,0.968385
57736,NM,"WOODBURY, MN",24597,9/11/2009,10118,3685,BRICKWELL COMMUNITY BANK,"72,576.00",64981,FAILURE,PA,DIF,0.072576
20203,NM,"OAK FOREST, IL",56911,9/4/2009,10113,3678,INBANK,"209,848.00",209211,FAILURE,PA,DIF,0.209848
25231,NM,"KANSAS CITY, MO",7548,9/4/2009,10112,3679,FIRST BANK OF KANSAS CITY,"15,723.00",14479,FAILURE,PA,DIF,0.015723
27732,SB,"SIOUX CITY, IA",101576,9/4/2009,10116,3680,VANTUS BANK,"503,643.00",394369,FAILURE,PA,DIF,0.503643
34875,NM,"FLAGSTAFF, AZ",49833,9/4/2009,10114,3681,FIRST STATE BANK,"107,235.00",95734,FAILURE,PA,DIF,0.107235
35030,SB,"ROLLING MEADOWS, IL",0,9/4/2009,10115,3682,PLATINUM COMMUNITY BANK,"147,961.00",110186,FAILURE,PO,DIF,0.147961
1909,NM,"FOREST LAKE, MN",89930,8/28/2009,10111,3675,MAINSTREET BANK,"458,533.00",432818,FAILURE,PA,DIF,0.458533
27197,NM,"VENTURA, CA",234069,8/28/2009,10110,3676,AFFINITY BANK,"1,211,431.00",905593,FAILURE,PA,DIF,1.211431
28312,SB,"BALTIMORE, MD",46897,8/28/2009,10109,3677,BRADFORD BANK,"451,888.00",382159,FAILURE,PA,DIF,0.451888
22130,SM,"BIRMINGHAM, AL",126332,8/21/2009,10106,3671,CAPITALSOUTH BANK,"586,586.00",539422,FAILURE,PA,DIF,0.586586
32618,SB,"AUSTIN, TX",0,8/21/2009,10105,3672,GUARANTY BANK,"13,464,352.00",11984112,FAILURE,PA,DIF,13.464352
34682,SB,"ATLANTA, GA",49948,8/21/2009,10107,3673,EBANK,"144,688.00",131510,FAILURE,PA,DIF,0.144688
57702,NM,"NEWNAN, GA",66684,8/21/2009,10108,3674,FIRST COWETA,"163,755.00",154903,FAILURE,PA,DIF,0.163755
9609,NM,"MONTGOMERY, AL",2414792,8/14/2009,10103,3666,COLONIAL BANK,"25,455,112.00",20072099,FAILURE,PA,DIF,25.455112
31559,SL,"PITTSBURGH, PA",8352,8/14/2009,10104,3667,DWELLING HOUSE SAVINGS AND LOAN,"12,947.00",12984,FAILURE,PA,DIF,0.012947
34043,SM,"LAS VEGAS, NV",558742,8/14/2009,10100,3668,COMMUNITY BANK OF NEVADA,"1,397,798.00",1372744,FAILURE,DINB,DIF,1.397798
34485,N,"GILBERT, AZ",52157,8/14/2009,10102,3669,"UNION BANK, NATIONAL ASSOCIATION","119,529.00",110362,FAILURE,PA,DIF,0.119529
57645,NM,"PHOENIX, AZ",26884,8/14/2009,10101,3670,COMMUNITY BANK OF ARIZONA,"158,517.00",143834,FAILURE,PA,DIF,0.158517
23268,SM,"PRINEVILLE, OR",73567,8/7/2009,10092,3663,COMMUNITY FIRST BANK,"199,508.00",180691,FAILURE,PA,DIF,0.199508
27183,N,"VENICE, FL",25369,8/7/2009,10099,3664,COMMUNITY NATIONAL BANK OF SARASOTA COUNTY,"92,528.00",92352,FAILURE,PA,DIF,0.092528
27364,NM,"SARASOTA, FL",119466,8/7/2009,10098,3665,FIRST STATE BANK,"447,667.00",394701,FAILURE,PA,DIF,0.447667
9873,NM,"ALTUS, OK",25969,7/31/2009,10093,3658,FIRST STATE BANK OF ALTUS,"90,867.00",98161,FAILURE,PA,DIF,0.090867
18659,NM,"HARVEY, IL",793841,7/31/2009,10094,3659,MUTUAL BANK,"1,595,657.00",1546525,FAILURE,PA,DIF,1.595657
32288,SB,"WEST CHESTER, OH",61523,7/31/2009,10096,3660,PEOPLES COMMUNITY BANK,"606,153.00",538787,FAILURE,PA,DIF,0.606153
34270,NM,"ELIZABTH, NJ",20048,7/31/2009,10097,3661,FIRST BANKAMERICANO,"163,372.00",155463,FAILURE,PA,DIF,0.163372
57604,NM,"JUPITER, FL",36586,7/31/2009,10095,3662,INTEGRITY BANK,"105,298.00",98511,FAILURE,PA,DIF,0.105298
8486,NM,"GRAY, GA",98201,7/24/2009,10088,3651,SECURITY BANK OF JONES COUNTY,"432,712.00",375238,FAILURE,PA,DIF,0.432712
27048,NM,"PERRY, GA",50980,7/24/2009,10087,3652,SECURITY BANK OF HOUSTON COUNTY,"371,624.00",313155,FAILURE,PA,DIF,0.371624
27367,NM,"MACON, GA",414269,7/24/2009,10085,3653,SECURITY BANK OF BIBB COUNTY,"943,744.00",831437,FAILURE,PA,DIF,0.943744
57105,NM,"WOODSTOCK, GA",102031,7/24/2009,10090,3654,SECURITY BANK OF NORTH METRO,"184,184.00",182413,FAILURE,PA,DIF,0.184184
57346,NM,"SUWANNEE, GA",193409,7/24/2009,10086,3655,SECURITY BANK OF GWINNETT COUNTY,"259,182.00",256578,FAILURE,PA,DIF,0.259182
57430,NM,"ALPHARETTA, GA",49000,7/24/2009,10089,3656,SECURITY BANK OF NORTH FULTON,"190,564.00",179523,FAILURE,PA,DIF,0.190564
58065,NM,"WILLIAMSVILLE, NY",7875,7/24/2009,10091,3657,WATERFORD VILLAGE BANK,"55,707.00",56145,FAILURE,PA,DIF,0.055707
23556,N,"RANCHO CUCAMONGA, CA",278591,7/17/2009,10083,3647,"VINEYARD BANK, NATIONAL ASSOCIATION","1,638,378.00",1526186,FAILURE,PA,DIF,1.638378
34103,SM,"SIOUX FALLS, SD",110201,7/17/2009,10081,3648,BANKFIRST,"210,844.00",232203,FAILURE,PA,DIF,0.210844
34341,NM,"TEMECULA, CA",227400,7/17/2009,10082,3649,TEMECULA VALLEY BANK,"1,396,622.00",1276287,FAILURE,PA,DIF,1.396622
34594,NM,"WINDER, GA",37998,7/17/2009,10084,3650,FIRST PIEDMONT BANK,"114,113.00",108499,FAILURE,PA,DIF,0.114113
22754,NM,"THERMOPOLIS, WY",32543,7/10/2009,10080,3646,BANK OF WYOMING,"70,188.00",66598,FAILURE,PA,DIF,0.070188
3644,N,"DANVILLE, IL",24202,7/2/2009,10078,3639,THE FIRST NATIONAL BANK OF DANVILLE,"148,218.00",140185,FAILURE,PA,DIF,0.148218
9262,NM,"ELIZABETH, IL",9832,7/2/2009,10073,3640,THE ELIZABETH STATE BANK,"55,027.00",48131,FAILURE,PA,DIF,0.055027
11710,NM,"WINCHESTER, IL",8030,7/2/2009,10077,3641,THE FIRST STATE BANK OF WINCHESTER,"30,073.00",30806,FAILURE,PA,DIF,0.030073
12093,NM,"CLINTON, IL",14315,7/2/2009,10076,3642,THE JOHN WARNER BANK,"69,609.00",65179,FAILURE,PA,DIF,0.069609
15302,NM,"OREGON, IL",18558,7/2/2009,10075,3643,ROCK RIVER BANK,"74,808.00",74896,FAILURE,PA,DIF,0.074808
18390,NM,"WORTH, IL",129512,7/2/2009,10074,3644,FOUNDERS BANK,"889,172.00",832160,FAILURE,PA,DIF,0.889172
57667,NM,"DALLAS, TX",52700,7/2/2009,10079,3645,MILLENNIUM STATE BANK OF TEXAS,"118,601.00",115478,FAILURE,PA,DIF,0.118601
9744,NM,"PINE CITY, MN",24010,6/26/2009,10070,3634,HORIZON BANK,"84,763.00",69254,FAILURE,PA,DIF,0.084763
35285,SM,"NEWNAN, GA",80745,6/26/2009,10069,3635,NEIGHBORHOOD COMMUNITY BANK,"212,616.00",190070,FAILURE,PA,DIF,0.212616
57332,NM,"LOS ANGELES, CA",45309,6/26/2009,10072,3636,MIRAE BANK,"480,619.00",409951,FAILURE,PA,DIF,0.480619
57436,SM,"VILLA RICA, GA",72063,6/26/2009,10068,3637,COMMUNITY BANK OF WEST GEORGIA,"201,222.00",189398,FAILURE,PO,DIF,0.201222
57893,NM,"IRVINE, CA",32168,6/26/2009,10071,3638,METROPACIFIC BANK,"75,316.00",70078,FAILURE,PA,DIF,0.075316
4614,N,"ANTHONY, KS",33230,6/19/2009,10066,3631,FIRST NATIONAL BANK OF ANTHONY,"156,954.00",142551,FAILURE,PA,DIF,0.156954
27837,NM,"WILMINGTON, NC",287345,6/19/2009,10065,3632,COOPERATIVE BANK,"966,778.00",768479,FAILURE,PA,DIF,0.966778
35251,NM,"FAYETTEVILLE, GA",136636,6/19/2009,10067,3633,SOUTHERN COMMUNITY BANK,"371,695.00",297962,FAILURE,PA,DIF,0.371695
17309,NM,"LINCOLNWOOD, IL",71129,6/5/2009,10064,3630,BANK OF LINCOLNWOOD,"212,718.00",209285,FAILURE,PA,DIF,0.212718
5757,N,"MACOMB, IL",31292,5/22/2009,10063,3628,CITIZENS NATIONAL BANK,"438,560.00",393635,FAILURE,PA,DIF,0.43856
35175,NM,"CHAMPAIGN, IL",92681,5/22/2009,10062,3629,STRATEGIC CAPITAL BANK,"546,576.00",479384,FAILURE,PA,DIF,0.546576
32247,SB,"CORAL GABLES, FL",5228684,5/21/2009,10061,3627,"BANKUNITED, FSB","13,111,463.00",8775985,FAILURE,PA,DIF,13.111463
34843,NM,"BREMERTON, WA",81292,5/8/2009,10060,3626,WESTSOUND BANK,"334,608.00",304464,FAILURE,PA,DIF,0.334608
26535,N,"ATLANTA, GA",646009,5/1/2009,10059,3623,"SILVERTON BANK, NATIONAL ASSOCIATION","4,157,246.00",3314928,FAILURE,PO,DIF,4.157246
35461,NM,"LAYTON, UT",114677,5/1/2009,10057,3624,AMERICA WEST BANK,"281,564.00",286040,FAILURE,PA,DIF,0.281564
57563,NM,"RIDGEWOOD, NJ",18402,5/1/2009,10058,3625,CITIZENS COMMUNITY BANK,"40,657.00",40664,FAILURE,PA,DIF,0.040657
32069,NM,"CALABASAS, CA",8913,4/24/2009,10054,3619,FIRST BANK OF BEVERLY HILLS,"1,260,354.00",866492,FAILURE,PO,DIF,1.260354
34369,SM,"FARMINGTON HILLS, MI",48746,4/24/2009,10056,3620,MICHIGAN HERITAGE BANK,"167,710.00",149065,FAILURE,PA,DIF,0.16771
34396,SB,"KETCHUM, ID",109638,4/24/2009,10055,3621,"FIRST BANK OF IDAHO, FSB","490,656.00",370580,FAILURE,PA,DIF,0.490656
57943,NM,"KENNESAW, GA",32962,4/24/2009,10053,3622,AMERICAN SOUTHERN BANK,"105,950.00",105940,FAILURE,PA,DIF,0.10595
8266,SB,"SUGAR CREEK, MO",44669,4/17/2009,10052,3617,AMERICAN STERLING BANK,"166,456.00",170946,FAILURE,PA,DIF,0.166456
33824,NM,"ELKO, NV",20023,4/17/2009,10051,3618,GREAT BASIN BANK OF NEVADA,"238,940.00",220834,FAILURE,PA,DIF,0.23894
34639,NM,"WILMINGTON, NC",118565,4/10/2009,10049,3615,CAPE FEAR BANK,"492,418.00",402820,FAILURE,PA,DIF,0.492418
34881,NM,"GREELEY, CO",913710,4/10/2009,10050,3616,NEW FRONTIER BANK,"1,774,588.00",1496347,FAILURE,DINB,DIF,1.774588
22238,N,"ATLANTA, GA",292255,3/27/2009,10048,3614,OMNI NATIONAL BANK,"979,585.00",813205,FAILURE,PO,DIF,0.979585
4754,N,"PAOLA, KS",134593,3/20/2009,10046,3611,"TEAMBANK, N.A.","669,830.00",532520,FAILURE,PA,DIF,0.66983
18243,NM,"STOCKBRIDGE, GA",135547,3/20/2009,10047,3612,FIRSTCITY BANK,"285,015.00",259056,FAILURE,PO,DIF,0.285015
18896,N,"COLORADO SPRINGS, CO",12687,3/20/2009,10045,3613,COLORADO NATIONAL BANK,"123,508.00",85150,FAILURE,PA,DIF,0.123508
57558,NM,"COMMERCE, GA",43267,3/6/2009,10044,3610,FREEDOM BANK OF GEORGIA,"172,454.00",159048,FAILURE,PA,DIF,0.172454
20078,NM,"GLENWOOD, IL",48231,2/27/2009,10042,3608,HERITAGE COMMUNITY BANK,"235,154.00",225735,FAILURE,PA,DIF,0.235154
34820,NM,"HENDERSON, NV",32328,2/27/2009,10043,3609,SECURITY SAVINGS BANK,"238,307.00",174872,FAILURE,PA,DIF,0.238307
35399,NM,"SILVERTON, OR",40949,2/20/2009,10041,3607,SILVER FALLS BANK,"134,206.00",115976,FAILURE,PA,DIF,0.134206
5431,NM,"LOUP CITY, NE",42684,2/13/2009,10039,3603,SHERMAN COUNTY BANK,"135,431.00",90647,FAILURE,PA,DIF,0.135431
16500,NM,"PITTSFIELD, IL",80894,2/13/2009,10037,3604,CORN BELT BANK AND TRUST COMPANY,"260,201.00",233788,FAILURE,PA,DIF,0.260201
34563,SM,"CAPE CORAL, FL",199818,2/13/2009,10038,3605,RIVERSIDE BANK OF THE GULF COAST,"523,673.00",422708,FAILURE,PA,DIF,0.523673
57342,NM,"BEAVERTON, OR",10218,2/13/2009,10040,3606,PINNACLE BANK,"71,921.00",64168,FAILURE,PA,DIF,0.071921
22574,SM,"MERCED, CA",61783,2/6/2009,10034,3600,COUNTY BANK,"1,711,552.00",1324635,FAILURE,PA,DIF,1.711552
23124,NM,"CULVER CITY, CA",118079,2/6/2009,10035,3601,ALLIANCE BANK,"1,113,361.00",951106,FAILURE,PA,DIF,1.113361
57017,NM,"MCDONOUGH, GA",151444,2/6/2009,10036,3602,FIRSTBANK FINANCIAL SERVICES,"317,237.00",279308,FAILURE,PA,DIF,0.317237
26538,N,"OCALA, FL",93805,1/30/2009,10032,3597,OCALA NATIONAL BANK,"219,424.00",204663,FAILURE,PA,DIF,0.219424
30763,SB,"CROFTON, MD",73819,1/30/2009,10033,3598,SUBURBAN FEDERAL SAVINGS BANK,"347,408.00",301847,FAILURE,PA,DIF,0.347408
58001,NM,"SALT LAKE CITY, UT",170125,1/30/2009,10031,3599,MAGNET BANK,"300,674.00",282578,FAILURE,PO,DIF,0.300674
33025,NM,"REDLANDS, CA",136041,1/23/2009,10030,3596,1ST CENTENNIAL BANK,"797,959.00",678570,FAILURE,PI,DIF,0.797959
19733,N,"BERKELEY, IL",80488,1/16/2009,10028,3587,NATIONAL BANK OF COMMERCE,"419,741.00",395868,FAILURE,PA,DIF,0.419741
25178,N,"SAN FRANCISCO, CA",,1/16/2009,0,3588,BANK OF AMERICA CALIFORNIA N.A.,"21,502,223.00",500,FAILURE,OBAM,DIF,21.502223
27374,NM,"SALT LAKE CITY, UT",,1/16/2009,0,3589,MERRILL LYNCH BANK USA,"61,809,503.00",53620324,FAILURE,OBAM,DIF,61.809503
33143,SB,"ALEXANDRIA, VA",,1/16/2009,0,3590,COUNTRYWIDE BANK FSB,"117,978,966.00",43663251,FAILURE,OBAM,DIF,117.978966
33318,N,"WILMINGTON, DE",,1/16/2009,0,3591,FIA CARD SERVICES N.A.,"159,637,136.00",9816599,FAILURE,OBAM,DIF,159.637136
34571,SB,"NEW YORK, NY",,1/16/2009,0,3592,MERRILL LYNCH BANK & TRUST CO FSB,"37,986,413.00",28539028,FAILURE,OBAM,DIF,37.986413
34959,NM,"VANCOUVER, WA",151029,1/16/2009,10029,3593,BANK OF CLARK COUNTY,"441,085.00",377506,FAILURE,PI,DIF,0.441085
35453,N,"PORTLAND, OR",,1/16/2009,0,3594,BANK OF AMERICA OREGON N.A.,"11,526,309.00",500,FAILURE,OBAM,DIF,11.526309
58032,N,"PROVIDENCE, RI",,1/16/2009,0,3595,BANK OF AMERICA RHODE ISLAND N.A.,"35,410,586.00",500,FAILURE,OBAM,DIF,35.410586
11568,NM,"SANDERSON, TX",7710,12/12/2008,10026,3584,SANDERSON STATE BANK,"38,217.00",32012,FAILURE,PA,DIF,0.038217
35379,NM,"DULUTH, GA",246888,12/12/2008,10027,3585,HAVEN TRUST BANK,"559,551.00",489692,FAILURE,PA,DIF,0.559551
34301,SM,"JACKSON, GA",86520,12/5/2008,10025,3583,FIRST GEORGIA COMMUNITY BANK,"256,371.00",215287,FAILURE,PA,DIF,0.256371
18708,SB,"WILMINGTON, DE",,11/23/2008,0,3579,"CITICORP TRUST BANK, FSB","19,599,414.00",7231013,FAILURE,OBAM,DIF,19.599414
18923,NM,"CENTURY CITY, CA",,11/23/2008,0,3580,CITIBANK (BANAMEX USA),"1,322,720.00",876086,FAILURE,OBAM,DIF,1.32272
23360,N,"SIOUX FALLS, SD",,11/23/2008,0,3581,"CITIBANK (SOUTH DAKOTA), N.A.","77,737,957.00",42356986,FAILURE,OBAM,DIF,77.737957
58180,N,"SIOUX FALLS, SD",,11/23/2008,0,3582,DEPARTMENT STORES NATIONAL BANK,"374,903.00",300881,FAILURE,OBAM,DIF,0.374903
16490,NM,"LOGANVILLE, GA",335062,11/21/2008,10022,3575,THE COMMUNITY BANK,"634,901.00",603733,FAILURE,PA,DIF,0.634901
28344,SB,"POMONA, CA",258807,11/21/2008,10024,3576,PFF BANK & TRUST,"3,715,433.00",2393845,FAILURE,PA,DIF,3.715433
30968,SL,"NEWPORT BEACH, CA",151232,11/21/2008,10023,3577,"DOWNEY SAVINGS AND LOAN ASSOCIATION, F.A.","12,779,371.00",9653169,FAILURE,PA,DIF,12.779371
23595,NM,"SAN DIEGO, CA",148255,11/7/2008,10020,3573,SECURITY PACIFIC BANK,"527,959.00",456472,FAILURE,PA,DIF,0.527959
26870,SI,"HOUSTON, TX",615993,11/7/2008,10021,3574,"FRANKLIN BANK, SSB","5,089,260.00",3692887,FAILURE,PA,DIF,5.08926
57930,NM,"BRADENTON, FL",113456,10/31/2008,10019,3572,FREEDOM BANK,"270,842.00",256793,FAILURE,PA,DIF,0.270842
58241,NM,"ALPHARETTA, GA",211264,10/24/2008,10018,3571,ALPHA BANK & TRUST,"354,090.00",344231,FAILURE,PI,DIF,0.35409
13789,NM,"ELDRED, IL",16618,10/10/2008,10017,3569,MERIDIAN BANK,"38,223.00",36090,FAILURE,PA,DIF,0.038223
57654,NM,"NORTHVILLE, MI",56318,10/10/2008,10016,3570,MAIN STREET BANK,"112,368.00",98934,FAILURE,PA,DIF,0.112368
32633,SB,"HENDERSON, NV",0,9/25/2008,10015,3568,WASHINGTON MUTUAL BANK,"307,021,614.00",188260793,FAILURE,PA,DIF,307.021614
6782,SB,"NORTHFORK, WV",38290,9/19/2008,10014,3567,"AMERIBANK, INC.","103,965.00",100901,FAILURE,PA,DIF,0.103965
34194,NM,"HENDERSON, NV",722757,9/5/2008,10013,3566,SILVER STATE BANK,"1,957,120.00",1733091,FAILURE,PI,DIF,1.95712
35469,NM,"ALPHARETTA, GA",465942,8/29/2008,10012,3565,INTEGRITY BANK,"1,107,514.00",962456,FAILURE,PA,DIF,1.107514
22728,NM,"TOPEKA, KS",334277,8/22/2008,10011,3564,THE COLUMBIAN BANK AND TRUST COMPANY,"735,071.00",620354,FAILURE,PI,DIF,0.735071
57523,NM,"BRADENTON, FL",95555,8/1/2008,10010,3563,FIRST PRIORITY BANK,"258,610.00",226698,FAILURE,PI,DIF,0.25861
27011,N,"RENO, NV",716026,7/25/2008,10008,3561,FIRST NATIONAL BANK OF NEVADA,"3,411,145.00",3038053,FAILURE,PA,DIF,3.411145
57961,N,"NEWPORT BEACH, CA",92139,7/25/2008,10009,3562,FIRST HERITAGE BANK N.A.,"255,376.00",234812,FAILURE,PA,DIF,0.255376
29730,SL,"PASADENA, CA",12031040,7/11/2008,10007,3560,INDYMAC BANK F.S.B,"30,698,512.00",18941727,FAILURE,PI,DIF,30.698512
12736,N,"STAPLES, MN",10305,5/30/2008,10006,3559,"FIRST INTEGRITY BANK, N.A.","52,916.00",50178,FAILURE,PA,DIF,0.052916
33901,N,"BENTONVILLE, AR",1025204,5/9/2008,10005,3558,ANB FINANCIAL NATIONAL ASSOCIATION,"1,895,545.00",1815691,FAILURE,PI,DIF,1.895545
1971,NM,"HUME, MO",3755,3/7/2008,10004,3557,HUME BANK,"18,682.00",13566,FAILURE,PI,DIF,0.018682
24660,N,"KANSAS CITY, MO",7157,1/25/2008,10003,3556,DOUGLASS NATIONAL BANK,"52,824.00",50250,FAILURE,PA,DIF,0.052824
16848,NM,"LAKEVIEW, OH",28394,10/4/2007,10002,3555,MIAMI VALLEY BANK,"125,362.00",119601,FAILURE,PI,DIF,0.125362
32575,SB,"ALPHARETTA, GA",119608,9/28/2007,10001,3554,NETBANK,"2,473,806.00",2290046,FAILURE,PI,DIF,2.473806
35353,SI,"PITTSBURGH, PA",9438,2/2/2007,10000,3553,METROPOLITAN SAVINGS BANK,"15,760.00",14540,FAILURE,PI,DIF,0.01576
1249,SM,"EPHRAIM, UT",2998,6/25/2004,4665,3552,BANK OF EPHRAIM,"56,774.00",52329,FAILURE,PI,BIF,0.056774
26778,NM,"WHITE PLAINS, NY",919,3/19/2004,4664,3551,RELIANCE BANK,"28,637.00",27881,FAILURE,PA,BIF,0.028637
26838,N,"TALLAHASSEE, FL",0,3/12/2004,4663,3550,GUARANTY NATIONAL BANK,"71,280.00",65614,FAILURE,PA,BIF,0.07128
31330,SB,"NEWARK, NJ",0,2/14/2004,6006,3549,DOLLAR SAVINGS BANK,"13,408.00",10909,FAILURE,PO,SAIF,0.013408
27203,SI,"PHILADELPHIA, PA",679,11/14/2003,4662,3548,PULASKI SAVINGS BANK,"8,487.00",9058,FAILURE,PA,BIF,0.008487
11639,N,"BLANCHARDVILLE, WI",12788,5/9/2003,4661,3547,THE FIRST NATIONAL BANK OF BLANCHARDVILLE,"34,536.00",28760,FAILURE,PI,BIF,0.034536
27094,NM,"TORRANCE, CA",49179,2/7/2003,4660,3546,SOUTHERN PACIFIC BANK,"904,294.00",864160,FAILURE,PI,BIF,0.904294
16445,NM,"CHENEYVILLE, LA",12205,12/17/2002,4659,3545,THE FARMERS BANK & TRUST OF CHENEYVILLE,"35,317.00",32103,FAILURE,PI,BIF,0.035317
9961,NM,"ALAMO, TN",9316,11/8/2002,4658,3544,BANK OF ALAMO,"58,454.00",52157,FAILURE,PO,BIF,0.058454
33784,SM,"ATLANTA, GA",1326,9/30/2002,4657,3543,AMTRADE INTERNATIONAL BANK OF GEORGIA,"92,144.00",73205,FAILURE,PO,BIF,0.092144
29355,SB,"CHICAGO, IL",274,6/27/2002,6005,3542,UNIVERSAL FSB,"51,628.00",40340,FAILURE,PI,SAIF,0.051628
19183,NM,"STAMFORD, CT",53784,6/26/2002,4656,3541,CONNECTICUT BANK OF COMMERCE,"384,172.00",344416,FAILURE,PI,BIF,0.384172
34979,SM,"SHELBY TOWNSHIP, MI",4440,3/28/2002,4655,3540,NEW CENTURY BANK,"21,091.00",18902,FAILURE,PO,BIF,0.021091
26652,N,"BOCA RATON, FL",,3/1/2002,4654,3539,NET FIRST NATIONAL BANK,"37,207.00",31601,FAILURE,PI,BIF,0.037207
22314,N,"PHOENIX, AZ",164047,2/7/2002,4653,3538,NEXTBANK,"700,180.00",551297,FAILURE,PO,BIF,0.70018
8966,SM,"OAKWOOD, OH",63600,2/1/2002,4652,3537,OAKWOOD DEPOSIT BANK,"72,267.00",60168,FAILURE,PI,BIF,0.072267
22002,NM,"SIERRA BLANCA, TX",4574,1/18/2002,4651,3536,BANK OF SIERRA BLANCA,"10,764.00",9914,FAILURE,PI,BIF,0.010764
24382,N,"MIAMI, FL",101748,1/11/2002,4650,3535,"HAMILTON BANK, NATIONAL ASSOCIATION","1,409,496.00",1298731,FAILURE,PI,BIF,1.409496
34248,N,"GRAVETTE, AR",4206,9/7/2001,4649,3534,SINCLAIR NATIONAL BANK,"29,792.00",26054,FAILURE,PI,BIF,0.029792
32646,SB,"HINSDALE, IL",286673,7/27/2001,6004,3533,"SUPERIOR BANK, FSB","1,765,455.00",1609501,FAILURE,PI,SAIF,1.765455
6629,N,"MALTA, OH",769,5/3/2001,4648,3532,MALTA NATIONAL BANK,"9,075.00",8728,FAILURE,PA,BIF,0.009075
34264,NM,"MANCHESTER, NH",817,2/2/2001,4647,3531,FIRST ALLIANCE BANK AND TRUST CO,"17,438.00",16931,FAILURE,PA,BIF,0.017438
3815,N,"METROPOLIS, IL",2670,12/14/2000,4646,3530,NATIONAL STATE BANK OF METROPOLIS,"90,397.00",71277,FAILURE,PI,BIF,0.090397
21029,NM,"HONOLULU, HI",400,10/13/2000,4645,3529,BANK OF HONOLULU,"63,890.00",59037,FAILURE,PI,BIF,0.06389
338,NM,"FALKNER, MS",14592,9/29/2000,4644,3528,BANK OF FALKNER,"85,485.00",77140,FAILURE,PI,BIF,0.085485
10985,NM,"ALMELUND, MN",1363,7/14/2000,4643,3527,TOWN & COUNTRY BANK OF ALMELUND,"25,942.00",26667,FAILURE,PI,BIF,0.025942
25056,N,"RIDGECREST, CA",617,6/2/2000,4642,3526,MONUMENT NATIONAL BANK,"7,923.00",7680,FAILURE,PA,BIF,0.007923
27886,SB,"ATLANTA, GA",1322,3/10/2000,6003,3525,MUTUAL FEDERAL SAVINGS BANK OF ATLANTA,"31,479.00",32234,FAILURE,PA,SAIF,0.031479
14228,NM,"CARLISLE, IA",11574,1/14/2000,4641,3524,HARTFORD-CARLISLE SB,"105,044.00",68549,FAILURE,PI,BIF,0.105044
